,,읍면동명,시군구,투표구명,선거인수,투표수,더불어민주당 문재인,자유한국당 홍준표,국민의당 안철수,바른정당 유승민,정의당 심상정,새누리당 조원진,경제애국당 오영국,국민대통합당 장성민,늘푸른한국당 이재오,민중연합당 김선동,한국국민당 이경희,홍익당 윤홍식,무소속 김민찬,계,무효투표수,기권수
경기도,합계,,경기도,,"10,262,309","7,916,009","3,319,812","1,637,345","1,807,308","540,023","546,373","10,778","1,302","5,058","1,858","6,139","2,213","2,883","6,553","7,887,645","28,364","2,346,300"
경기도,수원시장안구,합계,경기도수원시장안구,,"239,609","190,917","81,392","37,143","43,344","13,774","13,660",245,33,136,43,180,43,69,149,"190,211",706,"48,692"
경기도,수원시장안구,파장동,경기도수원시장안구파장동,합계,"19,520","14,494","5,848","3,229","3,469",905,933,20,0,12,0,21,3,6,8,"14,454",40,"5,026"
경기도,수원시장안구,율천동,경기도수원시장안구율천동,합계,"32,202","26,533","11,935","4,177","5,859","2,289","2,068",29,3,12,3,20,3,8,15,"26,421",112,"5,669"
경기도,수원시장안구,정자1동,경기도수원시장안구정자1동,합계,"24,602","19,493","8,531","3,710","4,388","1,426","1,321",15,1,15,1,16,5,4,11,"19,444",49,"5,109"
경기도,수원시장안구,정자2동,경기도수원시장안구정자2동,합계,"22,810","17,436","7,292","3,680","4,021","1,118","1,174",30,4,17,3,26,10,11,6,"17,392",44,"5,374"
경기도,수원시장안구,정자3동,경기도수원시장안구정자3동,합계,"30,106","25,739","12,499","3,795","5,407","2,008","1,887",26,0,12,4,17,2,10,21,"25,688",51,"4,367"
경기도,수원시장안구,영화동,경기도수원시장안구영화동,합계,"17,541","11,935","4,296","3,229","2,867",666,766,12,2,6,6,10,2,10,10,"11,882",53,"5,606"
경기도,수원시장안구,송죽동,경기도수원시장안구송죽동,합계,"14,820","11,042","4,513","2,298","2,643",710,778,28,3,12,6,5,5,0,8,"11,009",33,"3,778"
경기도,수원시장안구,조원1동,경기도수원시장안구조원1동,합계,"23,500","17,344","6,693","4,122","4,023","1,093","1,256",19,7,20,8,9,4,6,17,"17,277",67,"6,156"
경기도,수원시장안구,조원2동,경기도수원시장안구조원2동,합계,"15,317","12,989","5,291","2,684","2,991","1,038",928,13,0,4,2,8,1,2,2,"12,964",25,"2,328"
경기도,수원시장안구,연무동,경기도수원시장안구연무동,합계,"15,525","10,632","3,600","3,091","2,546",584,699,19,2,13,2,11,4,6,11,"10,588",44,"4,893"
경기도,수원시권선구,합계,경기도수원시권선구,,"290,343","222,078","95,263","42,801","51,061","15,482","15,573",273,43,175,60,195,69,77,206,"221,278",800,"68,265"
경기도,수원시권선구,세류1동,경기도수원시권선구세류1동,합계,"8,772","6,804","2,744","1,539","1,553",460,461,12,1,5,2,1,2,1,7,"6,788",16,"1,968"
경기도,수원시권선구,세류2동,경기도수원시권선구세류2동,합계,"20,404","13,017","4,899","3,162","3,191",780,862,20,2,15,6,11,2,2,14,"12,966",51,"7,387"
경기도,수원시권선구,세류3동,경기도수원시권선구세류3동,합계,"18,817","12,370","4,626","3,109","3,012",731,776,13,8,11,0,11,8,6,14,"12,325",45,"6,447"
경기도,수원시권선구,평동,경기도수원시권선구평동,합계,"27,203","19,868","7,798","4,410","4,783","1,311","1,407",22,1,18,9,16,3,9,20,"19,807",61,"7,335"
경기도,수원시권선구,서둔동,경기도수원시권선구서둔동,합계,"30,539","21,348","8,482","4,603","5,111","1,371","1,561",33,5,37,5,19,7,13,20,"21,267",81,"9,191"
경기도,수원시권선구,구운동,경기도수원시권선구구운동,합계,"20,570","15,401","6,411","3,296","3,617",923,"1,027",16,3,8,3,10,6,9,12,"15,341",60,"5,169"
경기도,수원시권선구,권선1동,경기도수원시권선구권선1동,합계,"19,466","13,546","5,521","2,957","3,062",983,898,17,7,9,5,11,7,3,19,"13,499",47,"5,920"
경기도,수원시권선구,권선2동,경기도수원시권선구권선2동,합계,"34,704","28,442","12,452","5,194","6,512","2,271","1,832",23,2,22,6,14,7,6,20,"28,361",81,"6,262"
경기도,수원시권선구,곡선동,경기도수원시권선구곡선동,합계,"22,536","16,094","7,512","2,444","3,632","1,238","1,164",20,2,8,4,7,7,6,11,"16,055",39,"6,442"
경기도,수원시권선구,입북동,경기도수원시권선구입북동,합계,"12,517","10,228","4,583","1,744","2,349",743,741,15,1,9,1,5,0,1,11,"10,203",25,"2,289"
경기도,수원시권선구,금곡동,경기도수원시권선구금곡동,합계,"25,359","20,441","9,241","3,798","4,520","1,379","1,360",28,0,9,3,41,1,7,6,"20,393",48,"4,918"
경기도,수원시권선구,호매실동,경기도수원시권선구호매실동,합계,"21,268","16,674","7,743","2,703","3,788","1,149","1,164",10,0,13,3,25,5,3,8,"16,614",60,"4,594"
경기도,수원시팔달구,합계,경기도수원시팔달구,,"167,122","123,458","49,814","27,782","28,228","8,218","8,315",172,20,94,27,105,36,53,109,"122,973",485,"43,664"
경기도,수원시팔달구,행궁동,경기도수원시팔달구행궁동,합계,"9,685","6,304","2,067","2,006","1,477",341,342,15,2,9,0,11,2,3,4,"6,279",25,"3,381"
경기도,수원시팔달구,매교동,경기도수원시팔달구매교동,합계,"8,516","5,518","1,870","1,656","1,381",262,293,8,0,4,2,9,3,4,4,"5,496",22,"2,998"
경기도,수원시팔달구,매산동,경기도수원시팔달구매산동,합계,"9,549","6,574","2,475","1,650","1,509",407,480,9,3,3,0,3,0,1,8,"6,548",26,"2,975"
경기도,수원시팔달구,고등동,경기도수원시팔달구고등동,합계,"8,344","5,379","1,957","1,479","1,332",253,320,8,0,8,0,9,2,1,2,"5,371",8,"2,965"
경기도,수원시팔달구,화서1동,경기도수원시팔달구화서1동,합계,"19,092","13,813","5,464","3,233","3,256",820,919,9,4,14,1,11,7,6,16,"13,760",53,"5,279"
경기도,수원시팔달구,화서2동,경기도수원시팔달구화서2동,합계,"20,157","16,727","7,467","3,094","3,600","1,294","1,147",21,0,10,5,20,0,8,8,"16,674",53,"3,430"
경기도,수원시팔달구,지동,경기도수원시팔달구지동,합계,"11,714","7,813","2,665","2,349","1,847",401,455,15,3,11,3,3,3,4,13,"7,772",41,"3,901"
경기도,수원시팔달구,우만1동,경기도수원시팔달구우만1동,합계,"17,347","11,738","4,546","2,761","2,794",754,766,14,2,10,2,8,6,10,9,"11,682",56,"5,609"
경기도,수원시팔달구,우만2동,경기도수원시팔달구우만2동,합계,"13,587","11,128","4,718","2,179","2,469",926,765,21,0,3,2,8,1,3,3,"11,098",30,"2,459"
경기도,수원시팔달구,인계동,경기도수원시팔달구인계동,합계,"32,101","21,693","8,670","4,887","5,036","1,471","1,471",31,3,10,5,11,6,6,20,"21,627",66,"10,408"
경기도,수원시영통구,합계,경기도수원시영통구,,"264,002","220,307","105,181","33,354","46,872","18,468","15,086",228,23,92,26,117,24,54,124,"219,649",658,"43,695"
경기도,수원시영통구,매탄1동,경기도수원시영통구매탄1동,합계,"15,217","12,099","5,136","2,409","2,727",930,819,20,1,4,3,9,5,4,1,"12,068",31,"3,118"
경기도,수원시영통구,매탄2동,경기도수원시영통구매탄2동,합계,"12,083","9,055","3,730","1,966","2,123",626,545,9,1,5,3,8,2,3,10,"9,031",24,"3,028"
경기도,수원시영통구,매탄3동,경기도수원시영통구매탄3동,합계,"26,220","21,111","9,898","3,393","4,472","1,724","1,485",18,1,24,2,14,1,3,16,"21,051",60,"5,109"
경기도,수원시영통구,매탄4동,경기도수원시영통구매탄4동,합계,"17,232","13,175","5,587","2,503","3,001",993,986,17,1,12,2,16,4,3,6,"13,131",44,"4,057"
경기도,수원시영통구,원천동,경기도수원시영통구원천동,합계,"17,612","13,630","6,538","2,090","2,827","1,167",908,20,2,3,1,11,0,4,4,"13,575",55,"3,982"
경기도,수원시영통구,영통1동,경기도수원시영통구영통1동,합계,"28,684","23,884","11,742","3,434","4,914","2,065","1,594",29,1,10,5,14,1,5,14,"23,828",56,"4,800"
경기도,수원시영통구,영통2동,경기도수원시영통구영통2동,합계,"32,697","27,962","14,138","3,737","5,565","2,414","1,958",24,2,6,4,7,4,9,10,"27,878",84,"4,735"
경기도,수원시영통구,태장동,경기도수원시영통구태장동,합계,"36,777","30,001","14,104","4,579","6,642","2,561","1,981",20,0,10,2,11,2,3,17,"29,932",69,"6,776"
경기도,수원시영통구,광교1동,경기도수원시영통구광교1동,합계,"30,323","25,722","12,739","3,450","5,591","2,299","1,561",27,4,5,0,3,0,5,6,"25,690",32,"4,601"
경기도,수원시영통구,광교2동,경기도수원시영통구광교2동,합계,"16,801","13,789","6,702","2,192","3,009",981,825,27,0,5,0,8,2,4,8,"13,763",26,"3,012"
경기도,성남시수정구,합계,경기도성남시수정구,,"201,105","149,414","63,867","28,395","36,752","9,315","9,649",201,27,120,22,253,48,64,129,"148,842",572,"51,691"
경기도,성남시수정구,신흥1동,경기도성남시수정구신흥1동,합계,"12,104","7,821","3,241","1,533","2,099",373,477,23,0,11,0,21,3,3,5,"7,789",32,"4,283"
경기도,성남시수정구,신흥2동,경기도성남시수정구신흥2동,합계,"15,086","10,316","4,244","1,958","2,735",624,652,16,2,13,0,22,2,6,10,"10,284",32,"4,770"
경기도,성남시수정구,신흥3동,경기도성남시수정구신흥3동,합계,"9,818","6,588","2,650","1,364","1,765",367,386,6,0,5,1,10,1,6,6,"6,567",21,"3,230"
경기도,성남시수정구,태평1동,경기도성남시수정구태평1동,합계,"14,223","10,008","4,357","1,948","2,427",538,650,8,2,10,0,16,2,5,7,"9,970",38,"4,215"
경기도,성남시수정구,태평2동,경기도성남시수정구태평2동,합계,"12,455","8,297","3,447","1,572","2,273",414,504,10,3,6,1,17,4,2,5,"8,258",39,"4,158"
경기도,성남시수정구,태평3동,경기도성남시수정구태평3동,합계,"12,213","8,624","3,559","1,691","2,211",500,563,14,1,8,1,27,1,4,12,"8,592",32,"3,589"
경기도,성남시수정구,태평4동,경기도성남시수정구태평4동,합계,"10,959","7,439","3,118","1,418","1,955",394,476,12,3,6,1,14,5,5,5,"7,412",27,"3,520"
경기도,성남시수정구,수진1동,경기도성남시수정구수진1동,합계,"11,444","7,360","3,051","1,505","1,910",348,445,10,1,10,3,21,5,6,7,"7,322",38,"4,084"
경기도,성남시수정구,수진2동,경기도성남시수정구수진2동,합계,"13,947","10,121","4,183","2,140","2,527",592,610,12,0,3,3,12,3,2,4,"10,091",30,"3,826"
경기도,성남시수정구,단대동,경기도성남시수정구단대동,합계,"12,137","8,963","3,815","1,794","2,114",578,580,8,6,4,3,9,5,5,6,"8,927",36,"3,174"
경기도,성남시수정구,산성동,경기도성남시수정구산성동,합계,"11,448","8,140","3,614","1,492","2,017",421,515,14,1,7,1,16,1,4,6,"8,109",31,"3,308"
경기도,성남시수정구,양지동,경기도성남시수정구양지동,합계,"8,770","6,655","2,877","1,233","1,702",368,403,10,1,5,1,21,0,3,9,"6,633",22,"2,115"
경기도,성남시수정구,복정동,경기도성남시수정구복정동,합계,"9,420","7,378","3,708","1,040","1,430",575,578,4,1,6,0,6,1,0,4,"7,353",25,"2,042"
경기도,성남시수정구,신촌동,경기도성남시수정구신촌동,합계,"3,063","2,411",850,568,606,215,148,5,0,5,3,1,0,1,1,"2,403",8,652
경기도,성남시수정구,고등동,경기도성남시수정구고등동,합계,"1,466","1,043",301,370,252,60,50,3,0,0,0,1,0,0,1,"1,038",5,423
경기도,성남시수정구,시흥동,경기도성남시수정구시흥동,합계,"2,516","1,910",578,699,413,119,90,1,0,1,0,2,0,0,1,"1,904",6,606
경기도,성남시수정구,위례동,경기도성남시수정구위례동,합계,"19,620","16,246","6,604","3,238","3,998","1,368",935,17,0,9,1,14,4,5,11,"16,204",42,"3,374"
경기도,성남시중원구,합계,경기도성남시중원구,,"198,663","146,801","62,729","27,896","36,512","8,502","9,599",211,36,116,29,355,42,63,142,"146,232",569,"51,862"
경기도,성남시중원구,성남동,경기도성남시중원구성남동,합계,"24,348","16,983","6,945","3,578","4,356",920,"1,007",16,4,20,3,32,4,4,19,"16,908",75,"7,365"
경기도,성남시중원구,중앙동,경기도성남시중원구중앙동,합계,"13,360","8,885","3,612","1,839","2,323",500,530,18,1,3,2,16,2,6,10,"8,862",23,"4,475"
경기도,성남시중원구,금광1동,경기도성남시중원구금광1동,합계,"9,090","6,133","2,506","1,233","1,586",328,406,16,0,3,3,22,1,4,5,"6,113",20,"2,957"
경기도,성남시중원구,금광2동,경기도성남시중원구금광2동,합계,"20,468","14,112","6,052","2,818","3,333",825,941,23,2,13,1,38,6,5,2,"14,059",53,"6,356"
경기도,성남시중원구,은행1동,경기도성남시중원구은행1동,합계,"8,938","6,595","2,816","1,221","1,669",360,450,6,5,10,2,18,1,5,9,"6,572",23,"2,343"
경기도,성남시중원구,은행2동,경기도성남시중원구은행2동,합계,"20,384","14,600","6,151","2,742","3,727",906,933,21,2,14,2,32,4,7,15,"14,556",44,"5,784"
경기도,성남시중원구,상대원1동,경기도성남시중원구상대원1동,합계,"21,253","14,966","6,342","2,920","3,778",816,954,31,3,8,2,30,4,6,17,"14,911",55,"6,287"
경기도,성남시중원구,상대원2동,경기도성남시중원구상대원2동,합계,"13,167","8,585","3,320","1,804","2,429",395,528,17,1,10,0,26,2,6,8,"8,546",39,"4,582"
경기도,성남시중원구,상대원3동,경기도성남시중원구상대원3동,합계,"11,448","7,435","3,019","1,539","1,962",374,439,16,1,11,3,25,5,4,8,"7,406",29,"4,013"
경기도,성남시중원구,하대원동,경기도성남시중원구하대원동,합계,"16,846","13,089","5,339","2,797","3,274",764,801,8,2,7,1,33,4,4,8,"13,042",47,"3,757"
경기도,성남시중원구,도촌동,경기도성남시중원구도촌동,합계,"18,848","15,165","6,817","2,667","3,566","1,031",964,20,8,2,2,35,4,5,10,"15,131",34,"3,683"
경기도,성남시분당구,합계,경기도성남시분당구,,"403,060","338,076","139,853","71,332","74,040","30,351","20,415",544,22,96,53,206,35,99,143,"337,189",887,"64,984"
경기도,성남시분당구,분당동,경기도성남시분당구분당동,합계,"19,213","15,432","6,258","3,446","3,375","1,319",947,26,2,7,1,7,1,10,2,"15,401",31,"3,781"
경기도,성남시분당구,수내1동,경기도성남시분당구수내1동,합계,"13,686","11,206","4,242","2,728","2,426","1,137",602,23,0,1,1,3,0,3,1,"11,167",39,"2,480"
경기도,성남시분당구,수내2동,경기도성남시분당구수내2동,합계,"7,463","6,379","2,333","1,443","1,497",728,356,5,0,0,2,1,0,1,1,"6,367",12,"1,084"
경기도,성남시분당구,수내3동,경기도성남시분당구수내3동,합계,"10,288","8,513","3,660","1,547","1,901",817,531,16,1,1,0,3,0,6,4,"8,487",26,"1,775"
경기도,성남시분당구,정자1동,경기도성남시분당구정자1동,합계,"23,318","18,529","6,366","5,194","4,022","1,884",976,36,0,2,2,2,0,4,3,"18,491",38,"4,789"
경기도,성남시분당구,정자2동,경기도성남시분당구정자2동,합계,"14,333","11,837","5,305","2,251","2,467","1,001",726,15,1,4,3,13,3,6,5,"11,800",37,"2,496"
경기도,성남시분당구,정자3동,경기도성남시분당구정자3동,합계,"11,580","9,667","4,081","1,995","2,072",876,594,20,1,2,1,3,0,0,4,"9,649",18,"1,913"
경기도,성남시분당구,서현1동,경기도성남시분당구서현1동,합계,"23,475","19,244","7,524","4,450","4,240","1,828","1,095",34,0,6,7,3,1,7,4,"19,199",45,"4,231"
경기도,성남시분당구,서현2동,경기도성남시분당구서현2동,합계,"14,647","12,478","5,068","2,504","2,780","1,216",853,21,0,2,0,6,0,1,1,"12,452",26,"2,169"
경기도,성남시분당구,이매1동,경기도성남시분당구이매1동,합계,"18,924","15,994","6,084","3,787","3,499","1,570",939,40,3,4,2,11,2,4,8,"15,953",41,"2,930"
경기도,성남시분당구,이매2동,경기도성남시분당구이매2동,합계,"10,606","9,002","3,193","2,368","2,098",838,450,17,1,2,1,4,1,2,7,"8,982",20,"1,604"
경기도,성남시분당구,야탑1동,경기도성남시분당구야탑1동,합계,"15,231","12,785","5,262","2,763","2,891","1,020",753,25,1,4,3,10,2,5,8,"12,747",38,"2,446"
경기도,성남시분당구,야탑2동,경기도성남시분당구야탑2동,합계,"13,332","11,290","4,162","2,985","2,497",985,603,17,2,3,0,5,1,1,7,"11,268",22,"2,042"
경기도,성남시분당구,야탑3동,경기도성남시분당구야탑3동,합계,"22,069","17,417","7,572","3,338","4,020","1,301","1,060",13,0,12,5,20,6,8,15,"17,370",47,"4,652"
경기도,성남시분당구,금곡동,경기도성남시분당구금곡동,합계,"22,297","18,054","7,018","4,335","4,064","1,501","1,030",22,0,4,6,18,0,0,6,"18,004",50,"4,243"
경기도,성남시분당구,구미동,경기도성남시분당구구미동,합계,"23,751","19,177","7,662","4,526","4,177","1,646","1,038",40,0,10,1,18,2,4,7,"19,131",46,"4,574"
경기도,성남시분당구,구미1동,경기도성남시분당구구미1동,합계,"14,710","12,283","5,348","2,501","2,589",997,791,10,2,2,3,7,0,0,3,"12,253",30,"2,427"
경기도,성남시분당구,판교동,경기도성남시분당구판교동,합계,"15,586","13,272","6,033","2,521","2,799","1,187",672,21,0,0,4,5,0,3,6,"13,251",21,"2,314"
경기도,성남시분당구,삼평동,경기도성남시분당구삼평동,합계,"17,479","14,521","6,525","2,505","3,271","1,280",847,18,2,5,2,22,3,3,2,"14,485",36,"2,958"
경기도,성남시분당구,백현동,경기도성남시분당구백현동,합계,"20,098","16,706","7,559","2,845","3,725","1,506",970,25,0,7,1,10,2,4,6,"16,660",46,"3,392"
경기도,성남시분당구,운중동,경기도성남시분당구운중동,합계,"15,103","12,506","5,136","2,723","2,689","1,162",734,19,1,2,1,4,1,4,4,"12,480",26,"2,597"
경기도,성남시분당구,정자동,경기도성남시분당구정자동,합계,"13,958","11,273","4,633","2,456","2,395","1,026",696,19,0,4,1,10,1,1,4,"11,246",27,"2,685"
경기도,의정부시,합계,경기도의정부시,,"360,255","270,404","110,580","57,027","65,003","17,254","18,284",422,31,155,63,214,81,122,238,"269,474",930,"89,851"
경기도,의정부시,의정부1동,경기도의정부시의정부1동,합계,"17,162","10,546","3,787","2,843","2,533",560,729,15,3,5,1,5,3,4,10,"10,498",48,"6,616"
경기도,의정부시,의정부2동,경기도의정부시의정부2동,합계,"23,170","15,281","6,269","3,223","3,728",934,"1,010",23,0,4,1,12,3,7,15,"15,229",52,"7,889"
경기도,의정부시,의정부3동,경기도의정부시의정부3동,합계,"11,288","7,345","2,847","1,770","1,731",430,500,8,1,4,2,11,5,7,6,"7,322",23,"3,943"
경기도,의정부시,호원1동,경기도의정부시호원1동,합계,"27,353","21,327","8,452","4,931","5,239","1,208","1,349",35,1,10,6,12,3,12,12,"21,270",57,"6,026"
경기도,의정부시,호원2동,경기도의정부시호원2동,합계,"28,135","22,550","9,274","4,778","5,477","1,410","1,439",49,3,14,3,11,3,10,17,"22,488",62,"5,585"
경기도,의정부시,장암동,경기도의정부시장암동,합계,"15,730","12,418","5,099","2,639","2,995",846,749,13,2,13,1,12,2,9,9,"12,389",29,"3,312"
경기도,의정부시,신곡1동,경기도의정부시신곡1동,합계,"32,820","24,888","10,075","5,357","6,037","1,602","1,620",40,2,18,6,18,5,6,18,"24,804",84,"7,932"
경기도,의정부시,신곡2동,경기도의정부시신곡2동,합계,"34,409","26,856","10,777","5,654","6,617","1,801","1,798",40,2,21,4,25,7,7,24,"26,777",79,"7,553"
경기도,의정부시,송산1동,경기도의정부시송산1동,합계,"25,231","18,040","7,344","3,903","4,353","1,109","1,194",25,2,11,6,16,6,7,13,"17,989",51,"7,191"
경기도,의정부시,송산2동,경기도의정부시송산2동,합계,"40,141","30,380","13,143","5,454","7,339","2,121","2,097",41,3,10,9,24,10,15,22,"30,288",92,"9,761"
경기도,의정부시,자금동,경기도의정부시자금동,합계,"22,334","16,127","6,312","3,634","3,917","1,075","1,062",21,1,12,4,12,5,11,11,"16,077",50,"6,207"
경기도,의정부시,가능1동,경기도의정부시가능1동,합계,"19,842","13,118","4,936","3,294","3,174",729,855,28,1,5,7,14,7,7,11,"13,068",50,"6,724"
경기도,의정부시,녹양동,경기도의정부시녹양동,합계,"17,182","12,536","5,020","2,767","3,006",814,851,10,0,6,1,11,2,5,8,"12,501",35,"4,646"
경기도,의정부시,흥선동,경기도의정부시흥선동,합계,"16,561","10,661","3,937","2,688","2,602",628,707,26,2,5,0,6,9,4,8,"10,622",39,"5,900"
경기도,안양시만안구,합계,경기도안양시만안구,,"215,032","167,995","70,454","35,189","38,671","10,990","11,275",257,23,149,32,109,59,55,129,"167,392",603,"47,037"
경기도,안양시만안구,안양1동,경기도안양시만안구안양1동,합계,"13,550","11,108","4,730","2,208","2,545",823,736,27,2,2,4,2,3,2,3,"11,087",21,"2,442"
경기도,안양시만안구,안양2동,경기도안양시만안구안양2동,합계,"17,770","12,715","5,133","3,042","2,862",730,834,23,2,15,1,6,7,4,12,"12,671",44,"5,055"
경기도,안양시만안구,안양3동,경기도안양시만안구안양3동,합계,"14,230","10,464","4,380","2,257","2,372",692,663,22,1,15,3,8,3,7,6,"10,429",35,"3,766"
경기도,안양시만안구,안양4동,경기도안양시만안구안양4동,합계,"6,227","4,660","1,797","1,196","1,079",288,270,7,1,5,2,1,1,1,2,"4,650",10,"1,567"
경기도,안양시만안구,안양5동,경기도안양시만안구안양5동,합계,"11,166","7,929","2,898","2,152","1,856",468,496,8,0,8,0,4,4,2,4,"7,900",29,"3,237"
경기도,안양시만안구,안양6동,경기도안양시만안구안양6동,합계,"14,613","10,498","4,148","2,515","2,464",605,690,14,0,14,1,4,5,3,4,"10,467",31,"4,115"
경기도,안양시만안구,안양7동,경기도안양시만안구안양7동,합계,"11,444","9,316","4,192","1,660","2,102",699,616,9,1,6,1,4,1,1,3,"9,295",21,"2,128"
경기도,안양시만안구,안양8동,경기도안양시만안구안양8동,합계,"10,168","7,495","3,008","1,684","1,754",445,512,11,3,17,4,12,6,5,8,"7,469",26,"2,673"
경기도,안양시만안구,안양9동,경기도안양시만안구안양9동,합계,"13,730","10,232","3,944","2,369","2,552",608,669,18,1,12,2,10,4,2,5,"10,196",36,"3,498"
경기도,안양시만안구,석수1동,경기도안양시만안구석수1동,합계,"15,738","12,794","5,392","2,836","2,824",876,786,13,1,4,1,12,1,2,10,"12,758",36,"2,944"
경기도,안양시만안구,석수2동,경기도안양시만안구석수2동,합계,"25,543","20,046","8,430","4,148","4,636","1,329","1,340",37,1,11,1,12,2,8,14,"19,969",77,"5,497"
경기도,안양시만안구,석수3동,경기도안양시만안구석수3동,합계,"11,151","8,447","3,621","1,649","2,022",502,577,5,1,8,2,3,3,3,12,"8,408",39,"2,704"
경기도,안양시만안구,박달1동,경기도안양시만안구박달1동,합계,"13,628","9,804","3,987","2,149","2,364",569,645,13,2,10,2,8,4,4,8,"9,765",39,"3,824"
경기도,안양시만안구,박달2동,경기도안양시만안구박달2동,합계,"16,568","13,357","5,585","2,642","3,147",963,939,14,1,15,3,8,3,2,5,"13,327",30,"3,211"
경기도,안양시동안구,합계,경기도안양시동안구,,"277,376","230,674","101,278","43,072","51,966","17,577","15,294",298,26,129,30,110,48,51,112,"229,991",683,"46,702"
경기도,안양시동안구,비산1동,경기도안양시동안구비산1동,합계,"18,372","15,025","6,199","3,281","3,396","1,136",921,11,3,5,1,3,6,3,7,"14,972",53,"3,347"
경기도,안양시동안구,비산2동,경기도안양시동안구비산2동,합계,"10,326","8,516","3,447","1,828","1,985",659,537,14,1,7,1,3,1,1,3,"8,487",29,"1,810"
경기도,안양시동안구,비산3동,경기도안양시동안구비산3동,합계,"18,837","14,495","5,816","3,190","3,419","1,033",935,15,1,8,2,7,3,4,6,"14,439",56,"4,342"
경기도,안양시동안구,부흥동,경기도안양시동안구부흥동,합계,"13,092","11,068","5,043","1,987","2,448",817,722,13,0,7,1,4,0,2,3,"11,047",21,"2,024"
경기도,안양시동안구,달안동,경기도안양시동안구달안동,합계,"9,646","7,846","3,783","1,248","1,640",567,558,12,0,7,2,3,2,2,0,"7,824",22,"1,800"
경기도,안양시동안구,관양1동,경기도안양시동안구관양1동,합계,"29,256","22,603","9,411","4,701","5,238","1,532","1,531",42,0,15,4,15,5,8,19,"22,521",82,"6,653"
경기도,안양시동안구,관양2동,경기도안양시동안구관양2동,합계,"14,896","11,600","5,091","2,218","2,701",814,708,20,3,3,2,3,3,4,4,"11,574",26,"3,296"
경기도,안양시동안구,부림동,경기도안양시동안구부림동,합계,"19,181","15,952","7,885","2,432","3,332","1,153","1,065",18,2,4,4,11,1,1,4,"15,912",40,"3,229"
경기도,안양시동안구,평촌동,경기도안양시동안구평촌동,합계,"11,760","10,136","4,596","1,774","2,264",779,666,10,2,4,0,3,2,3,8,"10,111",25,"1,624"
경기도,안양시동안구,평안동,경기도안양시동안구평안동,합계,"16,869","14,641","7,136","2,181","3,096","1,192",986,7,1,5,2,5,2,1,3,"14,617",24,"2,228"
경기도,안양시동안구,귀인동,경기도안양시동안구귀인동,합계,"11,364","9,805","4,206","1,788","2,308",865,601,8,0,0,1,4,3,2,2,"9,788",17,"1,559"
경기도,안양시동안구,호계1동,경기도안양시동안구호계1동,합계,"8,700","6,397","2,558","1,427","1,545",432,392,9,1,3,0,6,1,2,9,"6,385",12,"2,303"
경기도,안양시동안구,호계2동,경기도안양시동안구호계2동,합계,"18,503","15,007","6,035","3,219","3,549","1,104",985,23,2,26,1,1,4,3,7,"14,959",48,"3,496"
경기도,안양시동안구,호계3동,경기도안양시동안구호계3동,합계,"18,522","14,682","5,948","3,056","3,471","1,154",969,12,3,10,3,6,1,4,6,"14,643",39,"3,840"
경기도,안양시동안구,범계동,경기도안양시동안구범계동,합계,"12,518","10,847","4,747","2,013","2,379",962,696,10,0,2,0,5,1,3,5,"10,823",24,"1,671"
경기도,안양시동안구,신촌동,경기도안양시동안구신촌동,합계,"10,099","8,684","3,884","1,559","1,929",687,581,18,0,3,1,5,0,0,2,"8,669",15,"1,415"
경기도,안양시동안구,갈산동,경기도안양시동안구갈산동,합계,"8,515","7,025","2,676","1,625","1,666",602,410,13,1,7,1,4,0,1,3,"7,009",16,"1,490"
경기도,부천시,합계,경기도부천시,,"705,885","543,777","239,697","100,544","128,297","34,085","36,775",706,94,365,126,395,149,192,417,"541,842","1,935","162,108"
경기도,부천시,심곡2동,경기도부천시심곡2동,합계,"15,677","10,191","4,498","1,897","2,441",555,710,13,3,8,4,8,4,3,8,"10,152",39,"5,486"
경기도,부천시,심곡1동,경기도부천시심곡1동,합계,"11,421","7,780","3,311","1,503","1,928",423,550,17,0,8,1,7,0,4,7,"7,759",21,"3,641"
경기도,부천시,심곡3동,경기도부천시심곡3동,합계,"10,892","7,497","3,087","1,525","1,868",443,507,11,1,6,1,10,0,2,10,"7,471",26,"3,395"
경기도,부천시,원미2동,경기도부천시원미2동,합계,"11,451","8,028","3,202","1,707","2,157",398,488,12,0,4,0,8,3,6,4,"7,989",39,"3,423"
경기도,부천시,소사동,경기도부천시소사동,합계,"7,712","5,437","2,294","1,200","1,301",280,318,8,2,5,1,5,2,3,2,"5,421",16,"2,275"
경기도,부천시,원미1동,경기도부천시원미1동,합계,"14,852","10,937","4,574","2,278","2,663",585,749,11,3,6,4,9,5,2,5,"10,894",43,"3,915"
경기도,부천시,역곡1동,경기도부천시역곡1동,합계,"15,212","11,939","5,337","2,312","2,803",669,750,9,1,7,1,8,4,4,9,"11,914",25,"3,273"
경기도,부천시,역곡2동,경기도부천시역곡2동,합계,"15,856","12,193","5,475","2,105","2,889",786,831,29,2,4,6,12,4,1,8,"12,152",41,"3,663"
경기도,부천시,춘의동,경기도부천시춘의동,합계,"12,108","8,797","3,768","1,755","2,125",489,586,7,2,8,2,3,4,3,7,"8,759",38,"3,311"
경기도,부천시,도당동,경기도부천시도당동,합계,"18,877","13,265","5,565","2,632","3,326",734,888,15,2,11,1,13,4,6,7,"13,204",61,"5,612"
경기도,부천시,중동,경기도부천시중동,합계,"18,210","13,602","5,855","2,681","3,177",891,886,18,1,14,5,5,4,8,14,"13,559",43,"4,608"
경기도,부천시,상동,경기도부천시상동,합계,"16,649","12,728","5,330","2,619","2,966",830,880,20,1,7,7,8,5,4,6,"12,683",45,"3,921"
경기도,부천시,상1동,경기도부천시상1동,합계,"19,659","16,292","8,078","2,468","3,488","1,093","1,055",24,1,8,6,2,2,7,3,"16,235",57,"3,367"
경기도,부천시,중4동,경기도부천시중4동,합계,"16,484","13,413","6,234","2,328","2,914",909,936,9,3,6,5,10,3,4,7,"13,368",45,"3,071"
경기도,부천시,약대동,경기도부천시약대동,합계,"15,124","11,728","5,088","2,134","2,809",818,795,16,0,8,5,8,2,6,7,"11,696",32,"3,396"
경기도,부천시,중1동,경기도부천시중1동,합계,"26,480","20,811","9,628","3,560","4,783","1,363","1,350",22,0,14,2,23,4,7,12,"20,768",43,"5,669"
경기도,부천시,중2동,경기도부천시중2동,합계,"22,788","17,931","7,289","3,835","4,393","1,230","1,069",21,3,9,4,12,2,7,9,"17,883",48,"4,857"
경기도,부천시,중3동,경기도부천시중3동,합계,"19,988","15,843","7,018","2,977","3,689","1,044","1,021",17,1,4,6,8,3,5,10,"15,803",40,"4,145"
경기도,부천시,상2동,경기도부천시상2동,합계,"21,454","17,706","8,634","2,617","3,946","1,275","1,148",21,1,5,1,8,3,2,5,"17,666",40,"3,748"
경기도,부천시,상3동,경기도부천시상3동,합계,"23,795","19,929","9,033","3,397","4,588","1,561","1,240",28,1,6,4,8,4,2,13,"19,885",44,"3,866"
경기도,부천시,심곡본동,경기도부천시심곡본동,합계,"14,372","10,059","4,000","2,322","2,507",497,642,9,2,15,2,5,1,5,9,"10,016",43,"4,313"
경기도,부천시,심곡본1동,경기도부천시심곡본1동,합계,"15,562","10,795","4,445","2,348","2,632",556,694,30,1,13,1,3,3,5,12,"10,743",52,"4,767"
경기도,부천시,송내1동,경기도부천시송내1동,합계,"18,035","14,147","6,247","2,732","3,352",869,855,13,4,7,3,6,2,7,5,"14,102",45,"3,888"
경기도,부천시,송내2동,경기도부천시송내2동,합계,"21,430","16,555","7,124","3,139","3,865","1,144","1,169",18,0,9,6,9,5,2,15,"16,505",50,"4,875"
경기도,부천시,소사본동,경기도부천시소사본동,합계,"19,236","13,484","5,304","3,188","3,336",754,797,26,3,11,4,4,5,6,7,"13,445",39,"5,752"
경기도,부천시,소사본3동,경기도부천시소사본3동,합계,"24,893","19,564","8,240","4,050","4,663","1,225","1,238",25,1,16,3,19,3,8,13,"19,504",60,"5,329"
경기도,부천시,괴안동,경기도부천시괴안동,합계,"16,697","12,767","5,460","2,538","2,959",807,896,8,1,11,1,15,3,10,8,"12,717",50,"3,930"
경기도,부천시,범박동,경기도부천시범박동,합계,"24,062","19,999","9,394","3,519","4,495","1,243","1,232",20,4,15,2,10,6,5,13,"19,958",41,"4,063"
경기도,부천시,역곡3동,경기도부천시역곡3동,합계,"19,216","14,342","6,281","2,861","3,320",844,928,28,2,5,3,13,4,4,7,"14,300",42,"4,874"
경기도,부천시,성곡동,경기도부천시성곡동,합계,"33,793","24,975","10,820","4,762","5,970","1,473","1,721",35,7,24,2,20,9,8,21,"24,872",103,"8,818"
경기도,부천시,고강본동,경기도부천시고강본동,합계,"23,264","15,976","6,658","3,094","4,068",911,"1,115",17,6,17,2,19,1,2,18,"15,928",48,"7,288"
경기도,부천시,고강1동,경기도부천시고강1동,합계,"13,318","9,543","4,079","1,814","2,335",549,675,15,1,11,2,13,3,1,9,"9,507",36,"3,775"
경기도,부천시,오정동,경기도부천시오정동,합계,"18,298","13,473","5,679","2,615","3,279",813,972,15,1,9,2,12,1,7,5,"13,410",63,"4,825"
경기도,부천시,원종1동,경기도부천시원종1동,합계,"18,636","13,133","5,619","2,565","3,176",760,891,24,3,12,2,12,5,4,16,"13,089",44,"5,503"
경기도,부천시,원종2동,경기도부천시원종2동,합계,"18,215","12,802","5,508","2,248","3,226",754,943,18,4,8,5,14,2,5,12,"12,747",55,"5,413"
경기도,부천시,신흥동,경기도부천시신흥동,합계,"15,010","9,946","4,099","1,963","2,573",546,679,8,1,10,2,7,1,3,9,"9,901",45,"5,064"
경기도,광명시,합계,경기도광명시,,"271,716","218,795","97,959","39,081","51,958","13,835","14,345",294,32,139,49,142,45,66,162,"218,107",688,"52,921"
경기도,광명시,광명1동,경기도광명시광명1동,합계,"10,806","7,584","3,236","1,543","1,820",451,465,8,2,6,3,7,1,2,7,"7,551",33,"3,222"
경기도,광명시,광명2동,경기도광명시광명2동,합계,"9,140","6,549","2,693","1,367","1,686",374,385,1,3,6,1,3,2,0,6,"6,527",22,"2,591"
경기도,광명시,광명3동,경기도광명시광명3동,합계,"8,713","6,414","2,629","1,388","1,655",283,398,13,2,2,1,3,3,2,6,"6,385",29,"2,299"
경기도,광명시,광명4동,경기도광명시광명4동,합계,"12,842","9,888","4,126","2,024","2,516",544,585,22,1,9,3,8,2,3,7,"9,850",38,"2,954"
경기도,광명시,광명5동,경기도광명시광명5동,합계,"11,806","8,922","3,758","1,807","2,214",497,576,8,0,7,7,5,1,5,7,"8,892",30,"2,884"
경기도,광명시,광명6동,경기도광명시광명6동,합계,"11,536","8,838","3,674","1,818","2,267",465,547,15,2,4,1,5,3,1,9,"8,811",27,"2,698"
경기도,광명시,광명7동,경기도광명시광명7동,합계,"16,362","12,116","4,952","2,426","3,192",689,762,20,3,6,2,8,3,3,13,"12,079",37,"4,246"
경기도,광명시,철산1동,경기도광명시철산1동,합계,"9,870","8,136","3,793","1,351","1,783",605,545,10,1,4,3,5,0,5,3,"8,108",28,"1,734"
경기도,광명시,철산2동,경기도광명시철산2동,합계,"12,322","9,192","3,971","1,754","2,187",583,630,13,0,6,5,9,2,1,4,"9,165",27,"3,130"
경기도,광명시,철산3동,경기도광명시철산3동,합계,"26,746","22,786","10,160","4,089","5,315","1,664","1,443",28,3,12,2,13,1,6,5,"22,741",45,"3,960"
경기도,광명시,철산4동,경기도광명시철산4동,합계,"11,168","9,054","4,274","1,484","2,079",552,608,9,1,4,0,6,4,1,7,"9,029",25,"2,114"
경기도,광명시,하안1동,경기도광명시하안1동,합계,"19,472","15,952","7,295","2,812","3,770","1,002","1,000",19,1,1,3,4,6,1,5,"15,919",33,"3,520"
경기도,광명시,하안2동,경기도광명시하안2동,합계,"11,496","9,235","4,434","1,418","2,068",614,639,16,1,5,1,6,2,2,4,"9,210",25,"2,261"
경기도,광명시,하안3동,경기도광명시하안3동,합계,"17,159","13,816","6,507","2,313","3,196",861,842,12,1,12,4,7,3,6,14,"13,778",38,"3,343"
경기도,광명시,하안4동,경기도광명시하안4동,합계,"10,161","8,628","4,292","1,176","1,927",619,574,16,0,3,1,4,0,3,3,"8,618",10,"1,533"
경기도,광명시,소하1동,경기도광명시소하1동,합계,"22,576","18,501","8,496","3,175","4,329","1,185","1,186",29,3,17,3,13,2,4,8,"18,450",51,"4,075"
경기도,광명시,소하2동,경기도광명시소하2동,합계,"24,629","19,233","8,236","3,764","4,584","1,178","1,335",17,2,12,4,16,5,9,14,"19,176",57,"5,396"
경기도,광명시,학온동,경기도광명시학온동,합계,"1,994","1,468",386,529,398,79,65,4,0,1,0,1,0,0,2,"1,465",3,526
경기도,평택시,합계,경기도평택시,,"379,547","273,677","104,574","62,827","64,057","19,321","20,128",344,62,225,69,358,118,97,338,"272,518","1,159","105,870"
경기도,평택시,팽성읍,경기도평택시팽성읍,합계,"23,153","14,395","4,518","4,688","3,301",942,790,23,1,20,4,14,12,7,20,"14,340",55,"8,758"
경기도,평택시,안중읍,경기도평택시안중읍,합계,"28,563","20,608","8,787","3,863","4,566","1,344","1,871",15,3,11,2,38,7,9,23,"20,539",69,"7,955"
경기도,평택시,포승읍,경기도평택시포승읍,합계,"18,526","11,800","4,596","2,701","2,767",776,825,17,0,14,2,25,9,6,9,"11,747",53,"6,726"
경기도,평택시,진위면,경기도평택시진위면,합계,"9,646","6,521","2,175","1,813","1,593",388,461,9,1,8,5,10,4,9,15,"6,491",30,"3,125"
경기도,평택시,서탄면,경기도평택시서탄면,합계,"3,240","2,186",599,830,522,110,101,2,0,3,0,1,3,1,7,"2,179",7,"1,054"
경기도,평택시,고덕면,경기도평택시고덕면,합계,"8,142","5,420","1,828","1,512","1,323",346,361,5,2,6,3,8,2,0,4,"5,400",20,"2,722"
경기도,평택시,오성면,경기도평택시오성면,합계,"5,992","4,170","1,232","1,341","1,036",246,270,3,0,3,3,7,3,3,5,"4,152",18,"1,822"
경기도,평택시,현덕면,경기도평택시현덕면,합계,"4,945","3,362",951,"1,211",771,195,192,5,1,4,4,2,3,3,5,"3,347",15,"1,583"
경기도,평택시,중앙동,경기도평택시중앙동,합계,"32,885","24,190","9,207","5,496","5,738","1,817","1,712",30,3,15,3,35,8,5,30,"24,099",91,"8,695"
경기도,평택시,서정동,경기도평택시서정동,합계,"23,495","14,860","5,121","3,783","3,713",992,"1,088",37,1,18,5,25,6,6,8,"14,803",57,"8,635"
경기도,평택시,송탄동,경기도평택시송탄동,합계,"11,118","8,424","3,223","1,893","2,003",621,618,8,1,6,0,12,5,2,8,"8,400",24,"2,694"
경기도,평택시,지산동,경기도평택시지산동,합계,"9,470","6,340","2,440","1,426","1,483",400,531,13,1,6,2,4,3,5,3,"6,317",23,"3,130"
경기도,평택시,송북동,경기도평택시송북동,합계,"17,350","12,202","4,219","3,253","2,948",785,889,7,4,8,2,7,4,5,16,"12,147",55,"5,148"
경기도,평택시,신장1동,경기도평택시신장1동,합계,"5,258","3,122",995,845,818,246,193,3,0,5,0,1,2,1,4,"3,113",9,"2,136"
경기도,평택시,신장2동,경기도평택시신장2동,합계,"5,516","3,201",878,"1,089",824,191,175,7,0,9,0,4,0,2,2,"3,181",20,"2,315"
경기도,평택시,신평동,경기도평택시신평동,합계,"18,417","12,045","4,203","3,226","2,838",821,832,21,4,13,3,22,8,4,7,"12,002",43,"6,372"
경기도,평택시,원평동,경기도평택시원평동,합계,"10,112","7,038","2,537","1,847","1,666",458,462,8,1,6,3,8,3,4,7,"7,010",28,"3,074"
경기도,평택시,통복동,경기도평택시통복동,합계,"4,441","3,238","1,097",981,736,194,200,5,1,1,1,2,0,0,4,"3,222",16,"1,203"
경기도,평택시,비전1동,경기도평택시비전1동,합계,"32,563","23,484","9,685","4,543","5,554","1,710","1,814",28,6,14,4,28,4,3,21,"23,414",70,"9,079"
경기도,평택시,비전2동,경기도평택시비전2동,합계,"42,574","32,464","13,230","6,682","7,447","2,518","2,346",37,5,14,7,45,7,11,31,"32,380",84,"10,110"
경기도,평택시,세교동,경기도평택시세교동,합계,"16,943","12,604","4,834","2,772","3,055",879,962,12,2,9,2,16,6,3,13,"12,565",39,"4,339"
경기도,평택시,청북읍,경기도평택시청북읍,합계,"16,496","11,759","4,974","2,266","2,711",858,855,14,5,7,1,13,2,3,6,"11,715",44,"4,737"
경기도,양주시,합계,경기도양주시,,"164,908","121,344","46,286","29,739","28,469","7,602","7,921",164,34,97,50,105,51,56,158,"120,732",612,"43,564"
경기도,양주시,백석읍,경기도양주시백석읍,합계,"20,841","14,348","4,713","3,961","3,779",833,917,17,3,8,6,11,6,8,11,"14,273",75,"6,493"
경기도,양주시,은현면,경기도양주시은현면,합계,"5,444","3,564",968,"1,409",775,215,162,3,0,1,3,3,1,4,3,"3,547",17,"1,880"
경기도,양주시,남면,경기도양주시남면,합계,"5,979","3,961","1,155","1,475",851,223,211,7,2,2,0,1,4,1,8,"3,940",21,"2,018"
경기도,양주시,광적면,경기도양주시광적면,합계,"9,640","6,504","2,068","2,044","1,592",354,361,6,0,7,0,7,4,8,8,"6,459",45,"3,136"
경기도,양주시,장흥면,경기도양주시장흥면,합계,"7,726","5,435","1,632","1,905","1,272",282,276,12,0,4,9,5,2,1,6,"5,406",29,"2,291"
경기도,양주시,양주1동,경기도양주시양주1동,합계,"5,419","3,893","1,202","1,247",938,221,251,6,0,6,2,2,0,1,7,"3,883",10,"1,526"
경기도,양주시,양주2동,경기도양주시양주2동,합계,"36,224","27,015","11,609","5,521","6,207","1,692","1,746",35,7,23,12,27,11,8,28,"26,926",89,"9,209"
경기도,양주시,회천1동,경기도양주시회천1동,합계,"7,952","5,644","2,006","1,489","1,409",367,334,3,0,3,2,4,0,4,6,"5,627",17,"2,308"
경기도,양주시,회천2동,경기도양주시회천2동,합계,"21,286","14,792","5,748","3,383","3,580",901,"1,047",17,6,11,1,7,9,7,17,"14,734",58,"6,494"
경기도,양주시,회천3동,경기도양주시회천3동,합계,"20,410","15,154","6,026","3,358","3,562","1,039","1,051",12,6,12,3,13,4,3,9,"15,098",56,"5,256"
경기도,양주시,회천4동,경기도양주시회천4동,합계,"9,420","6,712","2,771","1,416","1,599",431,434,10,0,6,2,5,1,4,12,"6,691",21,"2,708"
경기도,동두천시,합계,경기도동두천시,,"80,335","55,487","19,444","15,733","12,808","3,201","3,662",86,11,50,18,51,21,34,74,"55,193",294,"24,848"
경기도,동두천시,생연1동,경기도동두천시생연1동,합계,"5,872","3,688","1,201","1,219",795,198,237,6,0,7,0,2,2,3,3,"3,673",15,"2,184"
경기도,동두천시,생연2동,경기도동두천시생연2동,합계,"9,180","6,346","2,069","1,944","1,545",324,391,6,1,9,3,5,4,4,7,"6,312",34,"2,834"
경기도,동두천시,중앙동,경기도동두천시중앙동,합계,"5,190","3,237",945,"1,204",734,145,164,5,2,3,1,5,3,4,4,"3,219",18,"1,953"
경기도,동두천시,보산동,경기도동두천시보산동,합계,"2,861","1,709",503,624,395,88,86,1,0,1,2,0,1,2,1,"1,704",5,"1,152"
경기도,동두천시,불현동,경기도동두천시불현동,합계,"20,301","13,306","4,530","3,936","3,082",729,884,20,3,7,2,10,2,6,20,"13,231",75,"6,995"
경기도,동두천시,송내동,경기도동두천시송내동,합계,"19,120","13,758","5,473","3,146","3,159",887,987,18,1,12,3,12,2,7,12,"13,719",39,"5,362"
경기도,동두천시,소요동,경기도동두천시소요동,합계,"7,542","4,956","1,450","1,749","1,154",238,268,17,1,5,5,10,5,2,10,"4,914",42,"2,586"
경기도,동두천시,상패동,경기도동두천시상패동,합계,"4,637","3,013",882,"1,021",761,160,166,3,0,2,0,2,1,4,2,"3,004",9,"1,624"
경기도,안산시상록구,합계,경기도안산시상록구,,"305,169","226,266","98,564","39,723","55,067","14,307","16,558",272,49,206,51,169,83,75,215,"225,339",927,"78,903"
경기도,안산시상록구,일동,경기도안산시상록구일동,합계,"21,325","14,643","6,368","2,674","3,589",803,"1,081",15,5,16,3,11,7,3,11,"14,586",57,"6,682"
경기도,안산시상록구,이동,경기도안산시상록구이동,합계,"21,874","14,529","6,464","2,574","3,475",898,"1,019",9,3,18,1,5,5,3,12,"14,486",43,"7,345"
경기도,안산시상록구,사1동,경기도안산시상록구사1동,합계,"29,994","21,315","9,650","3,435","5,122","1,349","1,585",24,2,26,7,22,6,6,13,"21,247",68,"8,679"
경기도,안산시상록구,사2동,경기도안산시상록구사2동,합계,"25,298","18,565","7,898","3,287","4,651","1,250","1,335",18,1,16,3,19,7,6,13,"18,504",61,"6,733"
경기도,안산시상록구,사3동,경기도안산시상록구사3동,합계,"13,563","10,803","4,491","2,126","2,652",813,671,14,0,3,4,4,0,1,5,"10,784",19,"2,760"
경기도,안산시상록구,본오1동,경기도안산시상록구본오1동,합계,"31,055","20,262","8,798","3,507","5,084","1,151","1,513",22,3,21,8,19,13,14,15,"20,168",94,"10,793"
경기도,안산시상록구,본오2동,경기도안산시상록구본오2동,합계,"22,854","16,825","7,352","2,974","4,187",989,"1,168",23,7,12,3,21,5,5,20,"16,766",59,"6,029"
경기도,안산시상록구,본오3동,경기도안산시상록구본오3동,합계,"18,938","14,204","6,264","2,430","3,367",931,"1,089",26,1,21,2,9,4,6,10,"14,160",44,"4,734"
경기도,안산시상록구,부곡동,경기도안산시상록구부곡동,합계,"18,246","12,612","5,183","2,304","3,302",766,936,6,5,9,1,12,8,3,14,"12,549",63,"5,634"
경기도,안산시상록구,월피동,경기도안산시상록구월피동,합계,"33,027","23,530","10,189","4,101","5,777","1,453","1,838",17,3,25,4,5,10,9,26,"23,457",73,"9,497"
경기도,안산시상록구,성포동,경기도안산시상록구성포동,합계,"19,926","16,196","6,858","3,196","3,830","1,086","1,116",27,1,13,1,11,2,4,7,"16,152",44,"3,730"
경기도,안산시상록구,반월동,경기도안산시상록구반월동,합계,"15,453","11,743","4,718","2,685","2,786",685,780,13,4,9,2,8,1,2,7,"11,700",43,"3,710"
경기도,안산시상록구,안산동,경기도안산시상록구안산동,합계,"7,785","5,575","2,148","1,318","1,453",298,305,4,1,4,0,0,2,3,9,"5,545",30,"2,210"
경기도,안산시단원구,합계,경기도안산시단원구,,"252,848","187,253","80,771","33,862","45,779","11,938","13,251",206,31,149,48,137,76,68,192,"186,508",745,"65,595"
경기도,안산시단원구,와동,경기도안산시단원구와동,합계,"33,045","20,902","8,963","3,628","5,295","1,169","1,619",34,4,24,10,15,18,5,25,"20,809",93,"12,143"
경기도,안산시단원구,고잔1동,경기도안산시단원구고잔1동,합계,"16,607","12,346","5,273","2,277","2,959",777,936,13,2,15,1,18,3,5,17,"12,296",50,"4,261"
경기도,안산시단원구,고잔2동,경기도안산시단원구고잔2동,합계,"16,198","12,175","5,487","2,028","2,773",870,933,8,1,9,0,9,4,2,7,"12,131",44,"4,023"
경기도,안산시단원구,호수동,경기도안산시단원구호수동,합계,"34,702","28,186","12,277","4,907","6,971","2,043","1,848",26,2,9,4,10,5,5,12,"28,119",67,"6,516"
경기도,안산시단원구,원곡본동,경기도안산시단원구원곡본동,합계,"24,007","15,852","6,901","3,214","3,720",902,990,18,2,8,3,12,7,7,13,"15,797",55,"8,155"
경기도,안산시단원구,원곡1동,경기도안산시단원구원곡1동,합계,"5,450","3,630","1,415",897,929,161,186,3,3,1,3,2,4,1,8,"3,613",17,"1,820"
경기도,안산시단원구,원곡2동,경기도안산시단원구원곡2동,합계,"12,108","9,516","3,940","1,922","2,386",580,626,10,3,2,3,3,1,4,8,"9,488",28,"2,592"
경기도,안산시단원구,초지동,경기도안산시단원구초지동,합계,"30,330","23,403","10,472","3,752","5,715","1,646","1,658",24,1,18,2,22,6,8,15,"23,339",64,"6,927"
경기도,안산시단원구,선부1동,경기도안산시단원구선부1동,합계,"10,032","7,231","3,057","1,372","1,759",446,534,10,2,3,1,5,7,3,8,"7,207",24,"2,801"
경기도,안산시단원구,선부2동,경기도안산시단원구선부2동,합계,"17,248","10,955","4,459","2,121","2,921",628,723,17,3,19,3,2,4,4,12,"10,916",39,"6,293"
경기도,안산시단원구,선부3동,경기도안산시단원구선부3동,합계,"25,707","18,189","7,923","3,156","4,551","1,093","1,316",10,2,20,6,12,2,8,21,"18,120",69,"7,518"
경기도,안산시단원구,대부동,경기도안산시단원구대부동,합계,"6,421","4,194","1,039","1,795",992,184,136,7,1,5,2,3,0,3,5,"4,172",22,"2,227"
경기도,고양시덕양구,합계,경기도고양시덕양구,,"366,265","287,087","120,063","55,157","61,581","18,038","30,094",409,37,143,134,194,66,87,172,"286,175",912,"79,178"
경기도,고양시덕양구,주교동,경기도고양시덕양구주교동,합계,"13,875","9,448","3,417","2,153","2,159",494,"1,119",20,1,9,2,5,3,4,11,"9,397",51,"4,427"
경기도,고양시덕양구,원신동,경기도고양시덕양구원신동,합계,"13,149","10,210","4,315","1,860","2,206",604,"1,168",6,0,5,4,4,1,3,8,"10,184",26,"2,939"
경기도,고양시덕양구,흥도동,경기도고양시덕양구흥도동,합계,"22,089","17,673","7,643","3,063","3,691",999,"2,185",15,0,6,9,12,1,3,6,"17,633",40,"4,416"
경기도,고양시덕양구,성사1동,경기도고양시덕양구성사1동,합계,"19,076","14,165","5,527","2,951","3,215",807,"1,537",32,2,17,11,4,7,2,6,"14,118",47,"4,911"
경기도,고양시덕양구,성사2동,경기도고양시덕양구성사2동,합계,"9,318","7,367","2,905","1,613","1,509",439,856,5,1,2,5,3,0,2,5,"7,345",22,"1,951"
경기도,고양시덕양구,효자동,경기도고양시덕양구효자동,합계,"1,888","1,227",344,385,314,98,72,0,0,3,2,1,0,1,2,"1,222",5,661
경기도,고양시덕양구,신도동,경기도고양시덕양구신도동,합계,"15,678","12,430","5,225","2,602","2,700",765,"1,053",17,1,6,5,9,2,3,7,"12,395",35,"3,248"
경기도,고양시덕양구,창릉동,경기도고양시덕양구창릉동,합계,"9,310","7,390","3,125","1,602","1,588",482,544,16,0,2,7,1,1,2,5,"7,375",15,"1,920"
경기도,고양시덕양구,고양동,경기도고양시덕양구고양동,합계,"23,806","16,964","6,251","3,856","3,787",932,"2,005",28,3,9,13,10,2,4,3,"16,903",61,"6,842"
경기도,고양시덕양구,관산동,경기도고양시덕양구관산동,합계,"26,802","18,218","6,287","4,436","4,299",846,"2,202",27,5,15,7,12,7,7,11,"18,161",57,"8,584"
경기도,고양시덕양구,능곡동,경기도고양시덕양구능곡동,합계,"15,161","11,087","4,241","2,580","2,530",734,918,20,3,3,5,12,2,5,6,"11,059",28,"4,074"
경기도,고양시덕양구,화정1동,경기도고양시덕양구화정1동,합계,"32,198","25,777","10,427","5,049","5,335","1,754","3,035",52,3,2,12,15,5,6,7,"25,702",75,"6,421"
경기도,고양시덕양구,화정2동,경기도고양시덕양구화정2동,합계,"24,773","20,397","9,327","3,214","4,036","1,328","2,400",12,1,5,7,10,1,3,6,"20,350",47,"4,376"
경기도,고양시덕양구,행주동,경기도고양시덕양구행주동,합계,"16,319","10,837","4,145","2,458","2,518",679,944,22,0,7,2,11,6,8,11,"10,811",26,"5,482"
경기도,고양시덕양구,행신1동,경기도고양시덕양구행신1동,합계,"17,909","14,446","6,373","2,525","3,211",986,"1,244",25,0,6,2,11,2,2,8,"14,395",51,"3,463"
경기도,고양시덕양구,행신2동,경기도고양시덕양구행신2동,합계,"26,441","21,455","9,859","3,679","4,380","1,509","1,884",27,5,7,8,17,2,11,15,"21,403",52,"4,986"
경기도,고양시덕양구,행신3동,경기도고양시덕양구행신3동,합계,"35,423","27,876","12,526","4,833","5,903","1,874","2,570",33,3,13,8,25,3,7,10,"27,808",68,"7,547"
경기도,고양시덕양구,화전동,경기도고양시덕양구화전동,합계,"4,596","3,125","1,042",855,749,231,210,3,0,3,1,4,1,3,9,"3,111",14,"1,471"
경기도,고양시덕양구,대덕동,경기도고양시덕양구대덕동,합계,"2,377","1,657",536,471,416,120,100,2,0,0,0,3,0,0,2,"1,650",7,720
경기도,고양시일산동구,합계,경기도고양시일산동구,,"239,470","188,297","81,622","34,980","41,166","13,989","15,308",268,26,87,43,86,24,54,105,"187,758",539,"51,173"
경기도,고양시일산동구,식사동,경기도고양시일산동구식사동,합계,"22,118","17,533","7,177","3,513","3,932","1,419","1,422",16,1,7,2,6,0,5,7,"17,507",26,"4,585"
경기도,고양시일산동구,중산동,경기도고양시일산동구중산동,합계,"31,738","23,758","9,854","4,715","5,521","1,645","1,878",29,4,12,5,11,5,2,16,"23,697",61,"7,980"
경기도,고양시일산동구,정발산동,경기도고양시일산동구정발산동,합계,"20,090","15,332","6,497","2,954","3,395","1,100","1,289",29,1,7,2,7,0,6,7,"15,294",38,"4,758"
경기도,고양시일산동구,풍산동,경기도고양시일산동구풍산동,합계,"27,653","21,719","9,784","3,809","4,848","1,471","1,705",15,1,14,4,12,1,2,12,"21,678",41,"5,934"
경기도,고양시일산동구,백석1동,경기도고양시일산동구백석1동,합계,"23,955","18,804","8,499","3,140","4,077","1,486","1,491",37,0,6,6,8,1,4,4,"18,759",45,"5,151"
경기도,고양시일산동구,백석2동,경기도고양시일산동구백석2동,합계,"17,616","13,016","5,927","2,273","2,774",914,"1,048",13,4,6,5,7,4,6,2,"12,983",33,"4,600"
경기도,고양시일산동구,마두1동,경기도고양시일산동구마두1동,합계,"21,430","18,021","8,063","3,177","3,763","1,463","1,465",31,1,2,5,1,0,10,8,"17,989",32,"3,409"
경기도,고양시일산동구,마두2동,경기도고양시일산동구마두2동,합계,"12,112","10,057","4,080","2,152","2,188",863,711,12,0,8,2,5,0,1,6,"10,028",29,"2,055"
경기도,고양시일산동구,장항1동,경기도고양시일산동구장항1동,합계,"2,540","1,809",546,647,428,71,102,1,0,0,0,1,0,0,2,"1,798",11,731
경기도,고양시일산동구,장항2동,경기도고양시일산동구장항2동,합계,"20,464","14,153","6,360","2,643","2,901","1,121","1,058",28,2,2,1,9,0,3,4,"14,132",21,"6,311"
경기도,고양시일산동구,고봉동,경기도고양시일산동구고봉동,합계,"13,978","8,874","2,957","2,461","2,141",486,725,16,3,11,6,8,5,7,12,"8,838",36,"5,104"
경기도,고양시일산서구,합계,경기도고양시일산서구,,"239,069","192,610","85,919","35,147","41,563","13,991","14,764",265,23,80,42,88,23,57,105,"192,067",543,"46,459"
경기도,고양시일산서구,일산1동,경기도고양시일산서구일산1동,합계,"21,401","16,311","7,154","3,149","3,623","1,041","1,252",17,3,8,3,5,1,3,7,"16,266",45,"5,090"
경기도,고양시일산서구,일산2동,경기도고양시일산서구일산2동,합계,"15,978","11,922","4,754","2,662","2,727",808,883,15,3,8,7,9,1,4,3,"11,884",38,"4,056"
경기도,고양시일산서구,일산3동,경기도고양시일산서구일산3동,합계,"25,940","21,752","10,461","3,330","4,508","1,703","1,657",30,0,7,3,7,1,4,2,"21,713",39,"4,188"
경기도,고양시일산서구,탄현동,경기도고양시일산서구탄현동,합계,"35,364","27,549","12,630","4,534","6,132","1,976","2,138",29,1,8,3,10,3,9,11,"27,484",65,"7,815"
경기도,고양시일산서구,주엽1동,경기도고양시일산서구주엽1동,합계,"22,260","18,398","8,175","3,627","3,846","1,382","1,253",24,0,14,5,8,0,8,8,"18,350",48,"3,862"
경기도,고양시일산서구,주엽2동,경기도고양시일산서구주엽2동,합계,"22,339","17,850","7,706","3,757","3,816","1,259","1,198",33,2,9,3,3,5,3,9,"17,803",47,"4,489"
경기도,고양시일산서구,대화동,경기도고양시일산서구대화동,합계,"25,296","19,233","8,277","3,573","4,105","1,475","1,662",38,2,10,6,18,1,6,12,"19,185",48,"6,063"
경기도,고양시일산서구,송포동,경기도고양시일산서구송포동,합계,"13,249","10,805","4,640","2,275","2,275",821,744,11,0,2,1,5,0,6,4,"10,784",21,"2,444"
경기도,고양시일산서구,송산동,경기도고양시일산서구송산동,합계,"32,192","24,323","10,269","5,007","5,592","1,672","1,661",30,4,7,6,9,3,8,6,"24,274",49,"7,869"
경기도,과천시,합계,경기도과천시,,"49,206","40,789","16,528","9,055","8,736","3,354","2,814",72,8,14,7,17,9,19,29,"40,662",127,"8,417"
경기도,과천시,중앙동,경기도과천시중앙동,합계,"5,259","4,331","1,549","1,098",946,421,290,3,2,3,0,0,1,1,0,"4,314",17,928
경기도,과천시,갈현동,경기도과천시갈현동,합계,"8,436","7,010","2,891","1,527","1,509",619,434,10,0,0,2,1,0,1,5,"6,999",11,"1,426"
경기도,과천시,별양동,경기도과천시별양동,합계,"8,783","7,202","2,881","1,659","1,515",646,460,8,0,2,1,3,2,2,7,"7,186",16,"1,581"
경기도,과천시,부림동,경기도과천시부림동,합계,"7,835","6,423","2,600","1,358","1,410",550,460,15,1,2,1,3,0,3,2,"6,405",18,"1,412"
경기도,과천시,과천동,경기도과천시과천동,합계,"6,828","5,047","1,860","1,393","1,113",325,315,14,2,1,0,2,1,5,5,"5,036",11,"1,781"
경기도,과천시,문원동,경기도과천시문원동,합계,"5,474","4,382","1,754","1,051",939,277,312,14,1,4,0,3,3,5,3,"4,366",16,"1,092"
경기도,의왕시,합계,경기도의왕시,,"127,577","103,913","43,869","21,218","23,602","7,575","6,902",139,13,54,17,57,18,32,66,"103,562",351,"23,664"
경기도,의왕시,고천동,경기도의왕시고천동,합계,"9,873","7,756","3,025","2,061","1,631",510,479,10,2,2,2,4,1,5,3,"7,735",21,"2,117"
경기도,의왕시,부곡동,경기도의왕시부곡동,합계,"19,912","15,169","5,921","3,470","3,598",999,"1,057",21,1,21,2,7,5,2,7,"15,111",58,"4,743"
경기도,의왕시,오전동,경기도의왕시오전동,합계,"28,102","22,471","9,287","4,706","5,332","1,615","1,406",27,2,12,1,13,2,4,17,"22,424",47,"5,631"
경기도,의왕시,내손1동,경기도의왕시내손1동,합계,"15,893","12,900","5,416","2,574","2,999",990,830,19,1,4,3,9,2,3,6,"12,856",44,"2,993"
경기도,의왕시,내손2동,경기도의왕시내손2동,합계,"24,074","19,253","8,258","3,763","4,415","1,434","1,265",30,3,7,5,7,3,8,5,"19,203",50,"4,821"
경기도,의왕시,청계동,경기도의왕시청계동,합계,"15,055","11,961","5,113","2,558","2,693",837,681,13,1,5,2,10,1,4,13,"11,931",30,"3,094"
경기도,구리시,합계,경기도구리시,,"159,142","123,469","51,181","26,113","28,698","8,167","8,386",162,14,52,18,85,31,50,82,"123,039",430,"35,673"
경기도,구리시,갈매동,경기도구리시갈매동,합계,"10,388","7,996","3,448","1,562","1,923",530,491,7,0,2,1,4,2,3,2,"7,975",21,"2,392"
경기도,구리시,동구동,경기도구리시동구동,합계,"29,395","23,832","10,162","4,860","5,404","1,620","1,630",31,1,15,6,13,4,8,14,"23,768",64,"5,563"
경기도,구리시,인창동,경기도구리시인창동,합계,"18,641","14,359","5,964","3,053","3,267",964,"1,012",19,3,7,2,11,4,2,5,"14,313",46,"4,282"
경기도,구리시,교문1동,경기도구리시교문1동,합계,"14,532","10,043","3,728","2,569","2,480",595,584,12,2,2,0,6,4,11,8,"10,001",42,"4,489"
경기도,구리시,교문2동,경기도구리시교문2동,합계,"16,281","13,174","5,392","2,794","3,060",976,875,25,0,3,3,2,2,3,3,"13,138",36,"3,107"
경기도,구리시,수택1동,경기도구리시수택1동,합계,"18,117","12,422","4,806","3,062","2,966",702,788,17,0,7,2,11,1,3,9,"12,374",48,"5,695"
경기도,구리시,수택2동,경기도구리시수택2동,합계,"19,931","13,772","5,165","3,317","3,408",807,940,25,2,7,1,16,5,9,14,"13,716",56,"6,159"
경기도,구리시,수택3동,경기도구리시수택3동,합계,"17,975","14,245","6,151","2,887","3,198",994,935,13,4,5,1,8,4,6,9,"14,215",30,"3,730"
경기도,남양주시,합계,경기도남양주시,,"524,245","397,972","165,079","86,026","92,048","25,471","26,319",584,67,213,73,210,102,139,306,"396,637","1,335","126,273"
경기도,남양주시,와부읍,경기도남양주시와부읍,합계,"49,946","39,743","15,983","9,656","8,641","2,743","2,440",67,6,22,6,16,9,18,21,"39,628",115,"10,203"
경기도,남양주시,진접읍,경기도남양주시진접읍,합계,"66,758","47,089","19,300","10,272","11,271","2,846","3,070",74,4,32,10,19,16,15,30,"46,959",130,"19,669"
경기도,남양주시,화도읍,경기도남양주시화도읍,합계,"75,377","51,513","20,611","11,518","12,523","2,951","3,543",58,6,32,13,39,15,17,35,"51,361",152,"23,864"
경기도,남양주시,진건읍,경기도남양주시진건읍,합계,"21,271","14,923","5,413","3,991","3,572",907,914,22,4,6,3,8,0,9,16,"14,865",58,"6,348"
경기도,남양주시,오남읍,경기도남양주시오남읍,합계,"39,094","27,226","11,424","5,764","6,445","1,579","1,833",37,2,18,2,15,9,5,21,"27,154",72,"11,868"
경기도,남양주시,별내면,경기도남양주시별내면,합계,"15,727","11,901","4,769","2,723","2,905",706,724,16,6,7,2,6,3,5,5,"11,877",24,"3,826"
경기도,남양주시,퇴계원면,경기도남양주시퇴계원면,합계,"24,515","18,638","7,275","4,392","4,463","1,213","1,163",26,3,10,1,15,4,4,11,"18,580",58,"5,877"
경기도,남양주시,수동면,경기도남양주시수동면,합계,"7,357","4,965","1,447","1,761","1,198",201,236,15,6,2,1,4,5,3,20,"4,899",66,"2,392"
경기도,남양주시,조안면,경기도남양주시조안면,합계,"3,242","2,282",706,880,459,115,107,2,0,1,2,3,0,0,0,"2,275",7,960
경기도,남양주시,호평동,경기도남양주시호평동,합계,"34,477","26,483","12,136","4,706","6,015","1,719","1,763",34,3,14,4,19,3,4,16,"26,436",47,"7,994"
경기도,남양주시,평내동,경기도남양주시평내동,합계,"28,822","21,908","9,862","4,158","4,848","1,443","1,472",28,0,4,3,8,11,8,15,"21,860",48,"6,914"
경기도,남양주시,금곡동,경기도남양주시금곡동,합계,"17,834","12,560","4,556","3,405","2,945",771,782,20,2,8,4,1,1,8,10,"12,513",47,"5,274"
경기도,남양주시,양정동,경기도남양주시양정동,합계,"4,279","3,052",905,"1,062",727,179,158,1,1,1,1,0,0,2,6,"3,043",9,"1,227"
경기도,남양주시,지금동,경기도남양주시지금동,합계,"12,945","9,917","4,074","2,188","2,311",654,626,16,2,4,0,5,1,3,4,"9,888",29,"3,028"
경기도,남양주시,도농동,경기도남양주시도농동,합계,"29,631","23,655","9,207","5,762","5,429","1,617","1,482",28,0,15,2,8,4,6,15,"23,575",80,"5,976"
경기도,남양주시,별내동,경기도남양주시별내동,합계,"46,983","36,951","16,256","6,845","8,713","2,562","2,347",60,6,11,3,13,8,9,19,"36,852",99,"10,032"
경기도,오산시,합계,경기도오산시,,"161,182","118,683","52,358","21,829","27,201","7,893","8,415",117,19,66,36,82,30,35,120,"118,201",482,"42,499"
경기도,오산시,중앙동,경기도오산시중앙동,합계,"20,769","15,645","6,564","3,259","3,517","1,084","1,095",17,1,13,8,4,4,5,16,"15,587",58,"5,124"
경기도,오산시,대원동,경기도오산시대원동,합계,"45,011","33,104","14,493","5,931","7,886","2,206","2,371",27,4,17,3,19,8,10,25,"33,000",104,"11,907"
경기도,오산시,남촌동,경기도오산시남촌동,합계,"17,669","9,541","4,119","1,732","2,208",691,714,9,2,3,1,12,2,3,10,"9,506",35,"8,128"
경기도,오산시,신장동,경기도오산시신장동,합계,"37,668","26,793","11,700","5,329","6,211","1,621","1,716",32,8,15,8,22,5,6,21,"26,694",99,"10,875"
경기도,오산시,세마동,경기도오산시세마동,합계,"13,776","11,047","4,964","2,090","2,412",747,736,8,2,4,4,6,1,4,6,"10,984",63,"2,729"
경기도,오산시,초평동,경기도오산시초평동,합계,"11,857","8,314","3,586","1,609","1,975",456,626,11,0,3,4,3,0,1,13,"8,287",27,"3,543"
경기도,화성시,합계,경기도화성시,,"493,782","386,002","176,940","69,014","84,967","26,194","25,910",401,58,284,81,267,118,141,345,"384,720","1,282","107,780"
경기도,화성시,봉담읍,경기도화성시봉담읍,합계,"48,686","36,250","15,671","7,049","8,410","2,293","2,547",40,5,42,9,27,10,10,30,"36,143",107,"12,436"
경기도,화성시,우정읍,경기도화성시우정읍,합계,"13,946","9,358","3,212","2,605","2,197",520,715,9,2,13,7,15,7,7,16,"9,325",33,"4,588"
경기도,화성시,향남읍,경기도화성시향남읍,합계,"51,078","36,743","16,744","6,143","8,595","2,245","2,746",40,4,18,7,53,14,9,25,"36,643",100,"14,335"
경기도,화성시,매송면,경기도화성시매송면,합계,"6,302","4,408","1,341","1,391","1,090",268,252,5,0,14,0,5,2,10,7,"4,385",23,"1,894"
경기도,화성시,비봉면,경기도화성시비봉면,합계,"4,826","3,421",916,"1,325",785,185,165,4,0,4,1,8,2,6,3,"3,404",17,"1,405"
경기도,화성시,마도면,경기도화성시마도면,합계,"5,414","3,707","1,067","1,296",943,173,188,2,2,0,4,1,4,2,7,"3,689",18,"1,707"
경기도,화성시,송산면,경기도화성시송산면,합계,"8,793","5,732","1,463","2,293","1,338",296,263,7,2,11,5,6,7,4,8,"5,703",29,"3,061"
경기도,화성시,서신면,경기도화성시서신면,합계,"5,730","3,625",922,"1,419",949,134,157,9,0,1,2,7,3,1,3,"3,607",18,"2,105"
경기도,화성시,팔탄면,경기도화성시팔탄면,합계,"8,778","5,870","1,854","1,872","1,472",322,291,4,3,6,1,7,1,4,8,"5,845",25,"2,908"
경기도,화성시,장안면,경기도화성시장안면,합계,"8,255","5,203","1,558","1,654","1,311",258,307,11,2,5,2,9,5,6,17,"5,145",58,"3,052"
경기도,화성시,양감면,경기도화성시양감면,합계,"3,594","2,419",684,839,613,128,129,3,0,2,2,2,1,3,3,"2,409",10,"1,175"
경기도,화성시,정남면,경기도화성시정남면,합계,"9,400","6,265","1,905","2,176","1,464",333,314,11,2,4,4,7,2,9,10,"6,241",24,"3,135"
경기도,화성시,동탄면,경기도화성시동탄면,합계,"7,051","5,618","2,821",890,"1,163",375,341,3,1,2,2,3,3,0,6,"5,610",8,"1,433"
경기도,화성시,남양읍,경기도화성시남양읍,합계,"21,575","14,833","5,606","3,566","3,561",912,"1,049",18,3,10,2,12,5,4,18,"14,766",67,"6,742"
경기도,화성시,진안동,경기도화성시진안동,합계,"25,161","18,032","8,533","2,941","3,855","1,254","1,316",21,3,21,1,7,7,9,15,"17,983",49,"7,129"
경기도,화성시,병점1동,경기도화성시병점1동,합계,"20,243","15,780","7,383","2,547","3,532","1,119","1,104",12,1,6,4,8,4,1,19,"15,740",40,"4,463"
경기도,화성시,병점2동,경기도화성시병점2동,합계,"17,690","14,212","7,126","2,033","3,012",946,"1,005",20,2,14,3,8,4,4,7,"14,184",28,"3,478"
경기도,화성시,반월동,경기도화성시반월동,합계,"19,352","16,008","7,727","2,439","3,504","1,269",981,12,1,10,3,4,0,5,12,"15,967",41,"3,344"
경기도,화성시,기배동,경기도화성시기배동,합계,"10,339","8,136","3,447","1,586","1,917",533,589,7,1,6,2,6,1,2,11,"8,108",28,"2,203"
경기도,화성시,화산동,경기도화성시화산동,합계,"16,869","11,979","4,646","2,811","2,747",803,856,19,3,12,2,13,5,3,12,"11,932",47,"4,890"
경기도,화성시,동탄1동,경기도화성시동탄1동,합계,"33,528","27,861","14,957","3,370","5,449","2,184","1,797",22,0,12,2,4,2,4,7,"27,810",51,"5,667"
경기도,화성시,동탄2동,경기도화성시동탄2동,합계,"24,333","20,348","10,747","2,594","4,189","1,475","1,256",22,0,4,3,7,1,2,7,"20,307",41,"3,985"
경기도,화성시,동탄3동,경기도화성시동탄3동,합계,"28,211","23,283","13,047","2,442","4,645","1,598","1,447",15,4,8,2,8,9,2,12,"23,239",44,"4,928"
경기도,화성시,동탄4동,경기도화성시동탄4동,합계,"46,428","39,382","20,849","4,536","8,498","2,974","2,390",28,4,14,3,7,4,13,11,"39,331",51,"7,046"
경기도,시흥시,합계,경기도시흥시,,"322,806","239,227","103,732","43,248","58,119","14,846","17,127",301,56,208,58,235,79,80,243,"238,332",895,"83,579"
경기도,시흥시,대야동,경기도시흥시대야동,합계,"25,747","19,170","7,786","3,970","4,774","1,157","1,288",35,7,19,5,19,5,11,19,"19,095",75,"6,577"
경기도,시흥시,신천동,경기도시흥시신천동,합계,"31,334","21,424","8,588","4,629","5,339","1,200","1,447",27,6,12,4,21,7,14,27,"21,321",103,"9,910"
경기도,시흥시,신현동,경기도시흥시신현동,합계,"8,828","6,544","2,328","1,764","1,559",384,433,6,1,10,0,8,6,8,4,"6,511",33,"2,284"
경기도,시흥시,은행동,경기도시흥시은행동,합계,"21,669","16,874","7,469","2,992","3,989","1,063","1,223",12,1,27,3,18,3,3,17,"16,820",54,"4,795"
경기도,시흥시,매화동,경기도시흥시매화동,합계,"10,246","7,351","2,828","1,623","1,874",425,512,13,3,11,1,14,2,2,9,"7,317",34,"2,895"
경기도,시흥시,목감동,경기도시흥시목감동,합계,"14,121","10,714","4,451","2,256","2,570",650,707,15,0,11,0,12,0,6,8,"10,686",28,"3,407"
경기도,시흥시,군자동,경기도시흥시군자동,합계,"18,725","12,769","5,081","2,738","3,254",651,910,22,5,18,4,14,7,1,19,"12,724",45,"5,956"
경기도,시흥시,정왕본동,경기도시흥시정왕본동,합계,"20,249","11,165","5,106","1,881","2,637",653,772,24,0,13,5,11,8,3,11,"11,124",41,"9,084"
경기도,시흥시,정왕1동,경기도시흥시정왕1동,합계,"21,032","13,138","5,870","2,240","3,144",774,995,16,3,9,1,8,8,1,11,"13,080",58,"7,894"
경기도,시흥시,정왕2동,경기도시흥시정왕2동,합계,"23,920","17,642","7,860","2,780","4,281","1,170","1,429",21,3,22,6,14,4,4,12,"17,606",36,"6,278"
경기도,시흥시,정왕3동,경기도시흥시정왕3동,합계,"20,269","14,073","6,200","2,294","3,611",900,979,11,3,7,3,4,3,5,12,"14,032",41,"6,196"
경기도,시흥시,정왕4동,경기도시흥시정왕4동,합계,"25,693","20,489","9,507","2,934","5,030","1,383","1,486",27,2,10,6,20,3,6,13,"20,427",62,"5,204"
경기도,시흥시,과림동,경기도시흥시과림동,합계,"1,837","1,294",366,530,295,45,47,4,0,0,1,0,0,1,0,"1,289",5,543
경기도,시흥시,연성동,경기도시흥시연성동,합계,"17,366","13,579","5,997","2,456","3,149",865,"1,011",12,1,9,4,14,2,2,10,"13,532",47,"3,787"
경기도,시흥시,능곡동,경기도시흥시능곡동,합계,"11,267","8,674","3,753","1,651","2,082",547,570,5,2,6,3,18,2,0,6,"8,645",29,"2,593"
경기도,시흥시,월곶동,경기도시흥시월곶동,합계,"11,961","8,525","3,703","1,619","2,170",462,521,4,2,10,2,8,2,2,4,"8,509",16,"3,436"
경기도,시흥시,장곡동,경기도시흥시장곡동,합계,"12,425","10,028","4,718","1,431","2,456",614,743,9,1,4,3,13,5,0,6,"10,003",25,"2,397"
경기도,군포시,합계,경기도군포시,,"228,831","186,084","82,551","34,784","41,883","12,884","12,595",239,21,150,34,121,37,54,135,"185,488",596,"42,747"
경기도,군포시,군포1동,경기도군포시군포1동,합계,"25,447","18,607","7,594","4,023","4,409","1,233","1,205",16,1,18,2,12,6,7,20,"18,546",61,"6,840"
경기도,군포시,군포2동,경기도군포시군포2동,합계,"40,213","32,978","14,676","6,096","7,471","2,219","2,305",46,4,24,6,16,7,7,17,"32,894",84,"7,235"
경기도,군포시,산본1동,경기도군포시산본1동,합계,"14,821","10,764","4,380","2,387","2,589",631,693,17,3,8,4,2,3,4,11,"10,732",32,"4,057"
경기도,군포시,산본2동,경기도군포시산본2동,합계,"21,239","17,776","7,714","3,498","3,993","1,335","1,106",27,3,12,2,14,1,4,9,"17,718",58,"3,463"
경기도,군포시,금정동,경기도군포시금정동,합계,"15,986","11,602","4,849","2,418","2,768",681,795,16,0,8,4,8,5,6,11,"11,569",33,"4,384"
경기도,군포시,재궁동,경기도군포시재궁동,합계,"17,879","14,261","6,438","2,579","3,140","1,038",980,17,2,9,1,10,0,2,11,"14,227",34,"3,618"
경기도,군포시,오금동,경기도군포시오금동,합계,"17,459","14,712","6,816","2,494","3,248","1,077",977,15,1,23,0,9,6,4,8,"14,678",34,"2,747"
경기도,군포시,수리동,경기도군포시수리동,합계,"13,874","11,224","4,926","2,282","2,481",739,721,23,0,7,1,9,1,1,4,"11,195",29,"2,650"
경기도,군포시,궁내동,경기도군포시궁내동,합계,"14,796","12,484","5,785","2,238","2,652",934,805,9,0,12,2,10,0,3,6,"12,456",28,"2,312"
경기도,군포시,광정동,경기도군포시광정동,합계,"18,918","15,339","6,744","2,941","3,488","1,120",933,17,1,10,7,7,3,9,9,"15,289",50,"3,579"
경기도,군포시,대야동,경기도군포시대야동,합계,"7,598","6,152","2,714","1,217","1,327",405,434,8,1,13,2,5,0,2,1,"6,129",23,"1,446"
경기도,하남시,합계,경기도하남시,,"176,100","138,937","57,298","31,793","30,999","9,680","8,135",174,17,68,19,109,24,43,86,"138,445",492,"37,163"
경기도,하남시,천현동,경기도하남시천현동,합계,"6,004","3,913","1,205","1,345",927,191,197,7,2,3,1,3,1,1,6,"3,889",24,"2,091"
경기도,하남시,신장1동,경기도하남시신장1동,합계,"6,370","4,635","1,665","1,264","1,068",278,301,8,0,5,1,6,1,5,5,"4,607",28,"1,735"
경기도,하남시,신장2동,경기도하남시신장2동,합계,"33,009","25,840","10,115","6,703","5,686","1,707","1,442",24,2,8,2,14,3,7,17,"25,730",110,"7,169"
경기도,하남시,덕풍1동,경기도하남시덕풍1동,합계,"13,439","9,881","3,682","2,663","2,249",632,568,16,0,5,0,10,2,2,6,"9,835",46,"3,558"
경기도,하남시,덕풍2동,경기도하남시덕풍2동,합계,"15,985","11,330","4,240","2,979","2,643",705,655,27,1,9,3,15,2,2,8,"11,289",41,"4,655"
경기도,하남시,덕풍3동,경기도하남시덕풍3동,합계,"19,292","14,483","5,819","3,413","3,318",990,851,7,1,7,2,18,2,3,4,"14,435",48,"4,809"
경기도,하남시,풍산동,경기도하남시풍산동,합계,"4,444","3,277","1,416",693,724,241,177,4,0,1,1,3,0,0,3,"3,263",14,"1,167"
경기도,하남시,감북동,경기도하남시감북동,합계,"3,061","2,047",613,784,440,110,81,1,2,2,0,1,1,1,3,"2,039",8,"1,014"
경기도,하남시,춘궁동,경기도하남시춘궁동,합계,"3,382","2,460",670,"1,023",527,107,105,1,0,1,1,3,1,1,0,"2,440",20,922
경기도,하남시,초이동,경기도하남시초이동,합계,"3,001","2,069",649,673,517,119,86,3,1,2,0,6,0,4,0,"2,060",9,932
경기도,하남시,미사1동,경기도하남시미사1동,합계,"13,108","10,575","4,817","1,887","2,368",821,633,7,2,3,3,7,1,1,3,"10,553",22,"2,533"
경기도,하남시,미사2동,경기도하남시미사2동,합계,"25,975","21,487","10,328","3,610","4,603","1,563","1,284",23,1,9,1,14,3,5,11,"21,455",32,"4,488"
경기도,하남시,위례동,경기도하남시위례동,합계,"10,787","8,974","3,751","1,681","2,177",870,462,8,0,0,0,4,0,4,1,"8,958",16,"1,813"
경기도,파주시,합계,경기도파주시,,"340,754","256,847","107,148","55,347","54,921","16,819","20,208",399,52,198,82,224,92,96,259,"255,845","1,002","83,907"
경기도,파주시,문산읍,경기도파주시문산읍,합계,"37,173","26,018","10,060","6,454","5,458","1,711","2,041",43,9,25,10,30,5,15,43,"25,904",114,"11,155"
경기도,파주시,조리읍,경기도파주시조리읍,합계,"23,691","16,895","6,030","4,604","3,864",969,"1,263",36,1,15,10,11,8,6,19,"16,836",59,"6,796"
경기도,파주시,법원읍,경기도파주시법원읍,합계,"9,658","6,325","1,741","2,316","1,468",321,351,17,3,9,6,11,9,4,16,"6,272",53,"3,333"
경기도,파주시,파주읍,경기도파주시파주읍,합계,"11,119","7,231","2,127","2,479","1,617",406,499,8,3,9,2,4,8,6,15,"7,183",48,"3,888"
경기도,파주시,광탄면,경기도파주시광탄면,합계,"10,196","6,792","1,914","2,311","1,576",335,559,14,4,5,4,6,4,10,7,"6,749",43,"3,404"
경기도,파주시,탄현면,경기도파주시탄현면,합계,"10,670","7,420","2,793","2,093","1,488",413,559,8,1,11,2,5,2,2,5,"7,382",38,"3,250"
경기도,파주시,월롱면,경기도파주시월롱면,합계,"10,552","7,522","3,252","1,331","1,371",654,839,5,1,4,2,11,5,3,13,"7,491",31,"3,030"
경기도,파주시,적성면,경기도파주시적성면,합계,"6,121","4,203","1,054","1,612",973,283,215,6,1,3,1,5,5,4,8,"4,170",33,"1,918"
경기도,파주시,파평면,경기도파주시파평면,합계,"3,454","2,497",699,969,504,129,158,6,3,2,0,1,3,1,4,"2,479",18,957
경기도,파주시,군내면,경기도파주시군내면,합계,716,633,238,159,140,39,41,2,1,0,0,0,0,1,3,624,9,83
경기도,파주시,진동면,경기도파주시진동면,합계,227,198,68,67,33,16,4,0,1,0,1,2,0,1,2,195,3,29
경기도,파주시,교하동,경기도파주시교하동,합계,"27,327","20,515","9,338","4,102","4,264","1,238","1,444",38,3,8,8,10,2,5,7,"20,467",48,"6,812"
경기도,파주시,운정1동,경기도파주시운정1동,합계,"33,092","26,520","12,526","4,382","5,661","1,803","2,004",26,1,18,3,25,1,6,19,"26,475",45,"6,572"
경기도,파주시,운정2동,경기도파주시운정2동,합계,"24,387","19,311","9,068","3,160","4,161","1,343","1,484",23,0,9,4,11,2,4,7,"19,276",35,"5,076"
경기도,파주시,운정3동,경기도파주시운정3동,합계,"38,271","28,996","13,407","4,848","6,374","1,955","2,198",45,3,16,5,33,4,9,12,"28,909",87,"9,275"
경기도,파주시,금촌1동,경기도파주시금촌1동,합계,"18,009","11,647","4,167","3,176","2,614",699,876,17,1,10,4,12,4,5,11,"11,596",51,"6,362"
경기도,파주시,금촌2동,경기도파주시금촌2동,합계,"25,316","19,464","8,660","3,458","4,135","1,354","1,700",30,1,25,5,11,7,2,21,"19,409",55,"5,852"
경기도,파주시,금촌3동,경기도파주시금촌3동,합계,"21,588","15,980","6,515","3,363","3,508","1,071","1,389",29,2,8,3,17,5,3,13,"15,926",54,"5,608"
경기도,여주시,합계,경기도여주시,,"93,145","65,695","20,474","21,581","14,545","3,936","4,387",90,13,72,25,66,40,50,90,"65,369",326,"27,450"
경기도,여주시,점동면,경기도여주시점동면,합계,"4,027","2,821",721,"1,196",590,135,124,4,2,4,2,6,3,4,1,"2,792",29,"1,206"
경기도,여주시,가남읍,경기도여주시가남읍,합계,"12,175","7,955","2,415","2,539","1,906",470,546,9,1,7,5,3,7,9,9,"7,926",29,"4,220"
경기도,여주시,능서면,경기도여주시능서면,합계,"5,096","3,497",899,"1,436",755,163,192,5,0,7,4,3,1,2,8,"3,475",22,"1,599"
경기도,여주시,흥천면,경기도여주시흥천면,합계,"3,986","2,726",594,"1,197",638,144,120,8,0,1,2,3,2,3,2,"2,714",12,"1,260"
경기도,여주시,금사면,경기도여주시금사면,합계,"2,423","1,751",322,887,377,73,65,3,1,5,0,1,1,4,2,"1,741",10,672
경기도,여주시,산북면,경기도여주시산북면,합계,"2,028","1,519",383,661,313,71,73,0,0,3,1,1,2,2,2,"1,512",7,509
경기도,여주시,대신면,경기도여주시대신면,합계,"6,025","3,939",899,"1,745",888,182,182,7,0,2,1,6,4,2,3,"3,921",18,"2,086"
경기도,여주시,북내면,경기도여주시북내면,합계,"4,092","2,653",642,"1,089",596,134,149,8,1,3,3,2,4,4,4,"2,639",14,"1,439"
경기도,여주시,강천면,경기도여주시강천면,합계,"3,171","2,201",574,957,445,86,93,0,2,3,0,6,3,6,6,"2,181",20,970
경기도,여주시,여흥동,경기도여주시여흥동,합계,"17,065","11,456","3,848","3,543","2,414",725,813,13,2,12,4,9,7,4,17,"11,411",45,"5,609"
경기도,여주시,중앙동,경기도여주시중앙동,합계,"13,902","9,455","3,187","2,744","2,058",628,754,8,1,11,1,9,2,4,10,"9,417",38,"4,447"
경기도,여주시,오학동,경기도여주시오학동,합계,"10,837","7,526","2,807","1,897","1,696",475,593,8,3,4,0,11,2,3,6,"7,505",21,"3,311"
경기도,이천시,합계,경기도이천시,,"167,583","121,841","44,109","33,301","26,695","7,913","8,489",145,29,93,35,89,63,69,171,"121,201",640,"45,742"
경기도,이천시,장호원읍,경기도이천시장호원읍,합계,"11,696","7,967","2,302","3,070","1,725",414,374,8,2,6,0,1,5,7,16,"7,930",37,"3,729"
경기도,이천시,부발읍,경기도이천시부발읍,합계,"24,961","17,696","7,344","3,948","3,866","1,125","1,280",13,4,13,4,11,10,5,21,"17,644",52,"7,265"
경기도,이천시,신둔면,경기도이천시신둔면,합계,"8,963","6,308","2,032","2,051","1,484",327,347,8,2,9,0,3,1,2,10,"6,276",32,"2,655"
경기도,이천시,백사면,경기도이천시백사면,합계,"7,803","5,157","1,628","1,749","1,152",278,306,8,1,5,3,5,1,3,1,"5,140",17,"2,646"
경기도,이천시,호법면,경기도이천시호법면,합계,"4,721","3,255",844,"1,338",674,177,191,10,2,0,1,4,2,3,1,"3,247",8,"1,466"
경기도,이천시,마장면,경기도이천시마장면,합계,"7,699","5,274","1,506","1,805","1,224",362,301,6,2,2,2,2,5,2,8,"5,227",47,"2,425"
경기도,이천시,대월면,경기도이천시대월면,합계,"10,583","7,506","3,031","1,777","1,581",409,635,13,2,6,2,7,3,4,4,"7,474",32,"3,077"
경기도,이천시,모가면,경기도이천시모가면,합계,"3,983","2,823",672,"1,146",654,137,158,4,1,4,4,2,4,4,7,"2,797",26,"1,160"
경기도,이천시,설성면,경기도이천시설성면,합계,"4,092","2,787",673,"1,180",597,155,135,0,0,6,0,1,3,3,6,"2,759",28,"1,305"
경기도,이천시,율면,경기도이천시율면,합계,"2,454","1,711",490,639,396,76,88,3,0,2,0,1,0,2,6,"1,703",8,743
경기도,이천시,창전동,경기도이천시창전동,합계,"14,942","9,922","3,164","3,114","2,119",667,749,12,2,9,6,5,8,9,19,"9,883",39,"5,020"
경기도,이천시,증포동,경기도이천시증포동,합계,"30,393","22,518","9,471","4,512","5,022","1,617","1,729",22,5,7,6,20,6,6,18,"22,441",77,"7,875"
경기도,이천시,중리동,경기도이천시중리동,합계,"11,855","8,292","2,696","2,741","1,779",507,485,7,0,8,3,5,7,8,9,"8,255",37,"3,563"
경기도,이천시,관고동,경기도이천시관고동,합계,"9,053","6,429","2,169","1,902","1,353",429,498,15,1,4,0,8,2,3,5,"6,389",40,"2,624"
경기도,용인시처인구,합계,경기도용인시처인구,,"184,406","134,872","50,423","33,153","32,027","8,707","9,227",152,32,80,44,98,57,59,164,"134,223",649,"49,534"
경기도,용인시처인구,포곡읍,경기도용인시처인구포곡읍,합계,"25,466","17,931","7,035","4,055","4,300","1,127","1,251",21,4,7,8,16,7,8,21,"17,860",71,"7,535"
경기도,용인시처인구,모현면,경기도용인시처인구모현면,합계,"18,806","13,121","4,824","3,316","3,272",767,846,13,0,4,4,5,4,7,14,"13,076",45,"5,685"
경기도,용인시처인구,남사면,경기도용인시처인구남사면,합계,"5,409","3,754","1,050","1,365",955,179,166,3,2,1,1,1,4,5,5,"3,737",17,"1,655"
경기도,용인시처인구,이동면,경기도용인시처인구이동면,합계,"15,507","10,341","3,688","2,864","2,506",575,594,15,1,9,2,8,6,5,20,"10,293",48,"5,166"
경기도,용인시처인구,원삼면,경기도용인시처인구원삼면,합계,"6,231","4,435","1,207","1,662","1,036",242,239,11,3,2,3,3,3,3,5,"4,419",16,"1,796"
경기도,용인시처인구,백암면,경기도용인시처인구백암면,합계,"7,405","4,990","1,351","1,806","1,175",287,262,9,4,12,5,6,7,6,10,"4,940",50,"2,415"
경기도,용인시처인구,양지면,경기도용인시처인구양지면,합계,"13,525","9,339","3,246","2,619","2,209",578,586,14,2,6,4,9,6,3,13,"9,295",44,"4,186"
경기도,용인시처인구,중앙동,경기도용인시처인구중앙동,합계,"18,909","13,462","4,939","3,429","3,107",919,942,8,1,12,1,9,3,7,15,"13,392",70,"5,447"
경기도,용인시처인구,역삼동,경기도용인시처인구역삼동,합계,"22,329","16,867","6,705","3,648","3,987","1,173","1,236",16,2,3,2,14,4,3,10,"16,803",64,"5,462"
경기도,용인시처인구,유림동,경기도용인시처인구유림동,합계,"22,773","15,987","6,405","3,402","3,915",982,"1,168",13,6,6,3,14,3,5,14,"15,936",51,"6,786"
경기도,용인시처인구,동부동,경기도용인시처인구동부동,합계,"11,010","7,862","2,769","2,076","1,921",494,536,8,2,3,4,5,1,1,6,"7,826",36,"3,148"
경기도,용인시수지구,합계,경기도용인시수지구,,"268,809","225,513","95,325","50,229","47,125","18,555","13,042",375,16,69,20,94,19,45,89,"225,003",510,"43,296"
경기도,용인시수지구,풍덕천1동,경기도용인시수지구풍덕천1동,합계,"28,390","23,038","10,259","4,557","4,896","1,811","1,385",43,0,15,0,13,4,5,7,"22,995",43,"5,352"
경기도,용인시수지구,풍덕천2동,경기도용인시수지구풍덕천2동,합계,"25,408","21,172","9,723","3,890","4,367","1,777","1,295",34,3,8,3,10,1,2,8,"21,121",51,"4,236"
경기도,용인시수지구,신봉동,경기도용인시수지구신봉동,합계,"25,269","20,849","8,239","5,401","4,311","1,738","1,051",38,0,6,2,7,1,4,10,"20,808",41,"4,420"
경기도,용인시수지구,죽전1동,경기도용인시수지구죽전1동,합계,"39,090","32,072","14,219","6,830","6,550","2,609","1,724",34,2,10,6,16,3,10,6,"32,019",53,"7,018"
경기도,용인시수지구,죽전2동,경기도용인시수지구죽전2동,합계,"13,406","10,953","4,869","2,163","2,310",929,633,14,1,2,1,5,0,1,4,"10,932",21,"2,453"
경기도,용인시수지구,동천동,경기도용인시수지구동천동,합계,"25,130","20,756","8,596","4,730","4,379","1,652","1,281",37,1,4,4,12,1,7,13,"20,717",39,"4,374"
경기도,용인시수지구,상현1동,경기도용인시수지구상현1동,합계,"30,360","24,600","10,271","5,448","5,363","2,059","1,354",38,1,2,0,6,0,3,11,"24,556",44,"5,760"
경기도,용인시수지구,상현2동,경기도용인시수지구상현2동,합계,"23,983","20,240","8,320","4,977","4,174","1,562","1,122",22,3,5,2,2,3,1,5,"20,198",42,"3,743"
경기도,용인시수지구,성복동,경기도용인시수지구성복동,합계,"26,874","21,808","6,623","7,694","4,618","1,874",877,72,1,4,1,6,1,4,3,"21,778",30,"5,066"
경기도,용인시기흥구,합계,경기도용인시기흥구,,"319,811","261,414","116,017","53,405","55,393","18,992","16,026",411,13,111,45,141,41,61,112,"260,768",646,"58,397"
경기도,용인시기흥구,신갈동,경기도용인시기흥구신갈동,합계,"27,184","21,403","9,231","4,489","4,858","1,420","1,276",30,2,10,3,18,5,6,7,"21,355",48,"5,781"
경기도,용인시기흥구,영덕동,경기도용인시기흥구영덕동,합계,"28,914","23,055","11,138","3,825","4,764","1,728","1,493",33,1,11,1,12,3,7,4,"23,020",35,"5,859"
경기도,용인시기흥구,구갈동,경기도용인시기흥구구갈동,합계,"19,459","14,931","6,546","2,881","3,217","1,075","1,102",28,0,6,3,14,5,4,3,"14,884",47,"4,528"
경기도,용인시기흥구,상갈동,경기도용인시기흥구상갈동,합계,"31,903","24,990","10,862","5,365","5,376","1,670","1,557",34,1,12,3,24,7,5,10,"24,926",64,"6,913"
경기도,용인시기흥구,기흥동,경기도용인시기흥구기흥동,합계,"15,962","11,815","4,737","2,820","2,773",788,615,28,0,5,3,5,4,3,3,"11,784",31,"4,147"
경기도,용인시기흥구,서농동,경기도용인시기흥구서농동,합계,"15,954","13,075","6,568","1,834","2,602","1,137",882,18,1,7,1,2,0,2,2,"13,056",19,"2,879"
경기도,용인시기흥구,구성동,경기도용인시기흥구구성동,합계,"28,623","22,898","9,096","6,225","4,771","1,495","1,168",37,0,14,3,9,3,7,14,"22,842",56,"5,725"
경기도,용인시기흥구,마북동,경기도용인시기흥구마북동,합계,"22,848","18,484","6,890","5,258","3,903","1,405",936,28,3,8,2,7,2,1,2,"18,445",39,"4,364"
경기도,용인시기흥구,동백동,경기도용인시기흥구동백동,합계,"50,536","41,238","19,978","7,121","8,509","3,006","2,413",68,3,10,6,24,2,6,17,"41,163",75,"9,298"
경기도,용인시기흥구,상하동,경기도용인시기흥구상하동,합계,"17,588","13,884","5,926","2,908","3,159",972,833,32,0,3,6,8,1,4,9,"13,861",23,"3,704"
경기도,용인시기흥구,보정동,경기도용인시기흥구보정동,합계,"24,769","20,267","7,934","5,372","4,262","1,556","1,046",27,0,5,4,3,1,7,7,"20,224",43,"4,502"
경기도,안성시,합계,경기도안성시,,"148,171","106,490","39,380","26,693","25,193","6,427","7,651",158,36,94,33,137,38,65,114,"106,019",471,"41,681"
경기도,안성시,공도읍,경기도안성시공도읍,합계,"38,122","26,649","11,228","5,080","6,363","1,700","2,043",37,4,22,6,29,9,7,27,"26,555",94,"11,473"
경기도,안성시,보개면,경기도안성시보개면,합계,"5,011","3,514","1,030","1,198",842,197,205,5,0,5,2,9,1,6,2,"3,502",12,"1,497"
경기도,안성시,금광면,경기도안성시금광면,합계,"6,243","4,410","1,664","1,158","1,004",238,297,9,2,5,0,5,0,4,7,"4,393",17,"1,833"
경기도,안성시,서운면,경기도안성시서운면,합계,"3,280","2,297",670,816,528,118,140,4,0,1,0,5,0,2,2,"2,286",11,983
경기도,안성시,미양면,경기도안성시미양면,합계,"5,429","3,596","1,179","1,098",858,166,233,9,4,3,3,6,7,5,2,"3,573",23,"1,833"
경기도,안성시,대덕면,경기도안성시대덕면,합계,"12,378","8,005","3,095","1,818","1,938",497,590,17,3,3,2,8,1,6,7,"7,985",20,"4,373"
경기도,안성시,양성면,경기도안성시양성면,합계,"4,551","3,092",778,"1,179",776,145,164,4,1,5,3,6,3,2,4,"3,070",22,"1,459"
경기도,안성시,원곡면,경기도안성시원곡면,합계,"3,825","2,600",806,848,637,153,128,3,0,3,0,2,2,3,3,"2,588",12,"1,225"
경기도,안성시,일죽면,경기도안성시일죽면,합계,"6,450","4,339","1,212","1,568","1,103",213,190,7,2,6,2,1,3,4,5,"4,316",23,"2,111"
경기도,안성시,죽산면,경기도안성시죽산면,합계,"6,075","4,103","1,152","1,466","1,012",187,226,9,1,3,3,4,1,7,1,"4,072",31,"1,972"
경기도,안성시,삼죽면,경기도안성시삼죽면,합계,"2,931","1,986",581,672,492,117,102,3,0,4,0,3,0,0,2,"1,976",10,945
경기도,안성시,고삼면,경기도안성시고삼면,합계,"1,968","1,484",484,464,364,72,77,2,0,3,1,3,2,2,3,"1,477",7,484
경기도,안성시,안성1동,경기도안성시안성1동,합계,"10,305","7,469","2,464","2,282","1,716",397,520,13,2,8,4,14,0,3,8,"7,431",38,"2,836"
경기도,안성시,안성2동,경기도안성시안성2동,합계,"14,348","9,991","3,769","2,357","2,389",591,799,10,2,6,4,15,3,2,7,"9,954",37,"4,357"
경기도,안성시,안성3동,경기도안성시안성3동,합계,"15,381","11,261","4,124","2,780","2,679",696,899,7,5,6,1,14,0,3,13,"11,227",34,"4,120"
경기도,김포시,합계,경기도김포시,,"290,415","225,075","93,697","48,490","51,081","15,614","14,517",309,41,131,53,152,58,69,160,"224,372",703,"65,340"
경기도,김포시,통진읍,경기도김포시통진읍,합계,"20,753","13,620","4,386","4,088","3,276",874,854,17,7,11,4,6,4,6,15,"13,548",72,"7,133"
경기도,김포시,고촌읍,경기도김포시고촌읍,합계,"19,040","14,850","5,682","3,950","3,160","1,096",879,18,2,4,3,7,4,5,9,"14,819",31,"4,190"
경기도,김포시,양촌읍,경기도김포시양촌읍,합계,"19,826","13,207","4,835","3,458","3,261",779,765,13,3,19,7,10,3,5,13,"13,171",36,"6,619"
경기도,김포시,대곶면,경기도김포시대곶면,합계,"8,212","5,249","1,430","1,882","1,305",312,257,11,2,6,4,3,2,4,6,"5,224",25,"2,963"
경기도,김포시,월곶면,경기도김포시월곶면,합계,"4,963","3,320",873,"1,248",754,223,160,9,3,5,3,6,1,2,8,"3,295",25,"1,643"
경기도,김포시,하성면,경기도김포시하성면,합계,"7,277","4,875","1,298","1,814","1,212",249,259,3,0,4,2,3,4,5,5,"4,858",17,"2,402"
경기도,김포시,김포본동,경기도김포시김포본동,합계,"36,092","27,327","10,731","6,272","6,429","1,903","1,806",40,0,15,3,23,5,8,10,"27,245",82,"8,765"
경기도,김포시,장기본동,경기도김포시장기본동,합계,"23,154","18,206","8,234","3,355","4,046","1,350","1,125",23,1,4,0,6,6,2,15,"18,167",39,"4,948"
경기도,김포시,사우동,경기도김포시사우동,합계,"18,770","14,286","5,853","3,009","3,225","1,034","1,036",16,1,8,4,22,2,4,11,"14,225",61,"4,484"
경기도,김포시,풍무동,경기도김포시풍무동,합계,"35,496","28,573","12,379","5,765","6,468","1,953","1,823",52,3,13,7,27,2,10,9,"28,511",62,"6,923"
경기도,김포시,장기동,경기도김포시장기동,합계,"30,708","24,247","11,296","4,225","5,298","1,766","1,541",25,3,14,0,7,4,2,12,"24,193",54,"6,461"
경기도,김포시,구래동,경기도김포시구래동,합계,"23,418","18,019","8,482","3,006","4,133","1,141","1,163",23,2,13,4,7,8,2,8,"17,992",27,"5,399"
경기도,김포시,운양동,경기도김포시운양동,합계,"17,069","14,118","6,628","2,274","3,219","1,118",812,16,1,4,1,7,3,4,7,"14,094",24,"2,951"
경기도,광주시,합계,경기도광주시,,"268,162","199,221","80,175","45,030","46,829","12,629","12,860",274,36,101,44,181,68,61,219,"198,507",714,"68,941"
경기도,광주시,오포읍,경기도광주시오포읍,합계,"65,037","46,641","19,572","9,798","10,917","3,141","2,908",60,8,18,12,36,7,13,42,"46,532",109,"18,396"
경기도,광주시,초월읍,경기도광주시초월읍,합계,"30,274","21,990","8,570","5,294","5,333","1,287","1,335",40,7,14,5,14,6,7,22,"21,934",56,"8,284"
경기도,광주시,곤지암읍,경기도광주시곤지암읍,합계,"17,938","12,179","4,143","3,549","2,900",733,711,27,1,10,6,5,7,5,17,"12,114",65,"5,759"
경기도,광주시,도척면,경기도광주시도척면,합계,"7,060","4,940","1,593","1,577","1,212",264,243,10,2,1,1,3,3,1,5,"4,915",25,"2,120"
경기도,광주시,퇴촌면,경기도광주시퇴촌면,합계,"10,375","7,333","2,335","2,399","1,820",358,362,10,2,3,1,8,1,5,6,"7,310",23,"3,042"
경기도,광주시,남종면,경기도광주시남종면,합계,"1,339",998,211,503,188,45,44,1,0,0,1,0,0,0,1,994,4,341
경기도,광주시,남한산성면,경기도광주시남한산성면,합계,"2,316","1,745",596,588,379,78,89,4,0,0,0,2,1,0,0,"1,737",8,571
경기도,광주시,경안동,경기도광주시경안동,합계,"30,007","21,143","8,256","4,719","5,158","1,425","1,406",31,3,12,4,24,9,4,17,"21,068",75,"8,864"
경기도,광주시,송정동,경기도광주시송정동,합계,"42,269","29,887","11,544","7,010","7,253","1,888","1,954",30,3,22,5,34,14,5,35,"29,797",90,"12,382"
경기도,광주시,광남동,경기도광주시광남동,합계,"31,738","22,927","9,515","4,891","5,660","1,238","1,472",17,3,4,1,23,4,7,20,"22,855",72,"8,811"
경기도,포천시,합계,경기도포천시,,"128,917","90,620","27,632","28,030","22,505","5,781","5,529",114,29,69,36,108,46,62,134,"90,075",545,"38,297"
경기도,포천시,소흘읍,경기도포천시소흘읍,합계,"34,314","23,598","8,227","6,222","5,864","1,555","1,506",19,7,15,8,30,6,11,26,"23,496",102,"10,716"
경기도,포천시,군내면,경기도포천시군내면,합계,"5,185","3,527",831,"1,330",900,224,176,9,2,1,2,8,2,6,1,"3,492",35,"1,658"
경기도,포천시,내촌면,경기도포천시내촌면,합계,"4,269","2,882",735,"1,204",663,119,115,3,0,2,0,4,1,2,4,"2,852",30,"1,387"
경기도,포천시,가산면,경기도포천시가산면,합계,"6,808","4,431","1,183","1,628","1,118",244,214,6,1,5,4,1,4,5,4,"4,417",14,"2,377"
경기도,포천시,신북면,경기도포천시신북면,합계,"10,034","6,539","1,690","2,364","1,654",367,379,12,2,5,1,10,4,9,10,"6,507",32,"3,495"
경기도,포천시,창수면,경기도포천시창수면,합계,"1,952","1,418",318,604,350,66,55,3,2,2,1,5,0,1,2,"1,409",9,534
경기도,포천시,영중면,경기도포천시영중면,합계,"4,483","3,072",749,"1,206",739,184,161,4,0,3,2,6,4,1,3,"3,062",10,"1,411"
경기도,포천시,일동면,경기도포천시일동면,합계,"8,258","5,480","1,392","1,956","1,446",334,275,7,2,3,2,8,3,3,10,"5,441",39,"2,778"
경기도,포천시,이동면,경기도포천시이동면,합계,"4,912","3,452",904,"1,194",937,237,139,3,2,2,2,2,2,2,6,"3,432",20,"1,460"
경기도,포천시,영북면,경기도포천시영북면,합계,"7,397","4,996","1,224","1,771","1,354",304,262,3,1,8,2,6,3,8,9,"4,955",41,"2,401"
경기도,포천시,관인면,경기도포천시관인면,합계,"2,620","1,862",459,710,479,101,95,3,0,3,1,0,4,0,0,"1,855",7,758
경기도,포천시,화현면,경기도포천시화현면,합계,"2,172","1,544",335,651,369,86,79,6,1,0,0,2,0,2,3,"1,534",10,628
경기도,포천시,포천동,경기도포천시포천동,합계,"14,831","10,541","3,221","3,152","2,550",729,790,15,2,7,6,10,1,5,12,"10,500",41,"4,290"
경기도,포천시,선단동,경기도포천시선단동,합계,"11,334","7,076","2,247","2,022","1,830",445,452,8,2,4,1,5,6,2,8,"7,032",44,"4,258"
경기도,연천군,합계,경기도연천군,,"38,909","28,675","8,384","9,557","6,805","1,901","1,581",41,10,28,21,21,18,33,50,"28,450",225,"10,234"
경기도,연천군,연천읍,경기도연천군연천읍,합계,"6,249","4,586","1,280","1,481","1,142",321,269,7,2,4,6,9,2,3,12,"4,538",48,"1,663"
경기도,연천군,전곡읍,경기도연천군전곡읍,합계,"14,443","10,017","3,028","3,138","2,450",708,589,12,3,6,8,5,5,6,12,"9,970",47,"4,426"
경기도,연천군,군남면,경기도연천군군남면,합계,"2,842","1,999",460,803,528,95,70,5,0,6,0,2,2,7,2,"1,980",19,843
경기도,연천군,청산면,경기도연천군청산면,합계,"3,419","2,334",523,"1,066",479,125,106,1,0,6,1,0,4,7,5,"2,323",11,"1,085"
경기도,연천군,백학면,경기도연천군백학면,합계,"2,252","1,569",381,627,361,89,81,3,0,3,1,3,1,3,3,"1,556",13,683
경기도,연천군,미산면,경기도연천군미산면,합계,"1,429","1,003",241,403,264,48,36,2,0,0,1,0,2,1,2,"1,000",3,426
경기도,연천군,왕징면,경기도연천군왕징면,합계,977,761,208,295,173,37,29,4,1,1,1,0,0,2,1,752,9,216
경기도,연천군,신서면,경기도연천군신서면,합계,"2,670","1,989",544,750,469,113,80,0,1,1,2,0,2,1,3,"1,966",23,681
경기도,연천군,중면,경기도연천군중면,합계,197,163,49,44,32,17,16,0,1,1,0,0,0,1,0,161,2,34
경기도,연천군,장남면,경기도연천군장남면,합계,609,479,122,217,89,23,22,0,0,0,0,0,0,0,0,473,6,130
경기도,양평군,합계,경기도양평군,,"95,097","71,056","21,329","24,800","15,653","4,216","4,194",157,14,52,26,31,34,77,86,"70,669",387,"24,041"
경기도,양평군,양평읍,경기도양평군양평읍,합계,"22,224","15,876","4,955","5,220","3,434","1,046","1,060",31,2,12,3,6,5,13,17,"15,804",72,"6,348"
경기도,양평군,강상면,경기도양평군강상면,합계,"6,368","4,603","1,398","1,616",991,268,282,15,1,3,0,1,0,6,7,"4,588",15,"1,765"
경기도,양평군,강하면,경기도양평군강하면,합계,"3,465","2,529",658,"1,061",580,119,76,15,0,1,0,0,2,1,4,"2,517",12,936
경기도,양평군,양서면,경기도양평군양서면,합계,"9,030","6,490","1,927","2,325","1,432",355,385,14,1,3,3,8,2,5,6,"6,466",24,"2,540"
경기도,양평군,옥천면,경기도양평군옥천면,합계,"5,837","4,294","1,238","1,550",992,240,237,7,1,2,2,3,2,5,0,"4,279",15,"1,543"
경기도,양평군,서종면,경기도양평군서종면,합계,"6,176","4,414","1,371","1,619",924,225,239,10,0,0,2,0,1,2,1,"4,394",20,"1,762"
경기도,양평군,단월면,경기도양평군단월면,합계,"2,922","2,114",473,926,468,114,81,10,1,1,0,1,3,8,1,"2,087",27,808
경기도,양평군,청운면,경기도양평군청운면,합계,"3,060","2,145",464,941,500,121,69,6,1,3,1,2,1,7,3,"2,119",26,915
경기도,양평군,양동면,경기도양평군양동면,합계,"3,704","2,567",557,"1,126",608,104,119,7,1,7,4,0,3,7,8,"2,551",16,"1,137"
경기도,양평군,지평면,경기도양평군지평면,합계,"5,294","3,720",897,"1,513",889,181,190,5,1,1,4,2,5,5,4,"3,697",23,"1,574"
경기도,양평군,용문면,경기도양평군용문면,합계,"12,530","9,056","2,563","3,314","2,040",531,503,16,2,9,3,4,0,8,18,"9,011",45,"3,474"
경기도,양평군,개군면,경기도양평군개군면,합계,"3,883","2,828",697,"1,127",652,152,164,6,0,5,1,0,4,3,1,"2,812",16,"1,055"
경기도,가평군,합계,경기도가평군,,"53,480","38,897","10,873","13,865","9,089","2,231","2,103",99,25,48,36,45,50,50,74,"38,588",309,"14,583"
경기도,가평군,가평읍,경기도가평군가평읍,합계,"15,162","10,728","3,127","3,819","2,402",628,629,19,1,12,9,3,6,8,16,"10,679",49,"4,434"
경기도,가평군,설악면,경기도가평군설악면,합계,"6,760","4,706","1,134","1,896","1,183",224,208,12,0,2,2,2,8,6,9,"4,686",20,"2,054"
경기도,가평군,청평면,경기도가평군청평면,합계,"11,200","7,838","2,237","2,972","1,776",368,390,22,2,6,5,12,6,5,7,"7,808",30,"3,362"
경기도,가평군,상면,경기도가평군상면,합계,"4,346","3,031",680,"1,257",745,172,122,9,1,6,1,2,3,6,6,"3,010",21,"1,315"
경기도,가평군,북면,경기도가평군북면,합계,"3,245","2,322",523,994,567,110,98,3,1,2,1,5,0,4,2,"2,310",12,923
경기도,가평군,조종면,경기도가평군조종면,합계,"7,471","5,084","1,233","1,772","1,207",359,281,25,14,12,10,16,22,14,19,"4,984",100,"2,387"
