선거구명,구시군명,읍면동명,선거인수,투표수,더불어민주당 김동연,국민의힘 김은혜,정의당 황순식,기본소득당 서태성,진보당 송영주,무소속 강용석,계,무효투표수,기권수,,
경기도,수원시장안구,수원시장안구,"199,204","106,092","53,333","49,817",627,153,259,869,"105,058","1,034","93,112",,
경기도,수원시장안구,파장동,"19,741","9,786","4,781","4,711",57,15,14,94,"9,672",114,"9,955",,
경기도,수원시장안구,정자1동,"22,734","12,059","6,134","5,630",47,11,36,102,"11,960",99,"10,675",,
경기도,수원시장안구,정자2동,"27,879","13,335","6,742","6,229",85,21,41,96,"13,214",121,"14,544",,
경기도,수원시장안구,정자3동,"31,439","18,027","10,469","7,116",115,20,39,153,"17,912",115,"13,412",,
경기도,수원시장안구,영화동,"17,707","7,577","3,229","4,125",42,10,22,48,"7,476",101,"10,130",,
경기도,수원시장안구,송죽동,"15,945","7,419","3,720","3,513",42,11,13,60,"7,359",60,"8,526",,
경기도,수원시장안구,조원1동,"23,273","10,921","5,173","5,464",68,14,15,93,"10,827",94,"12,352",,
경기도,수원시장안구,조원2동,"15,017","9,115","4,378","4,550",46,11,12,56,"9,053",62,"5,902",,
경기도,수원시장안구,연무동,"13,890","6,297","2,544","3,546",39,12,16,38,"6,195",102,"7,593",,
경기도,수원시권선구,수원시권선구,"352,407","173,856","88,562","80,304","1,090",312,406,"1,580","172,254","1,602","178,551",,
경기도,수원시권선구,세류1동,"8,800","4,524","2,133","2,276",24,8,5,42,"4,488",36,"4,276",,
경기도,수원시권선구,세류2동,"20,875","7,696","3,449","3,957",38,20,18,84,"7,566",130,"13,179",,
경기도,수원시권선구,세류3동,"16,357","6,609","2,908","3,516",44,13,18,47,"6,546",63,"9,748",,
경기도,수원시권선구,평동,"32,793","14,954","7,214","7,318",74,30,42,142,"14,820",134,"17,839",,
경기도,수원시권선구,서둔동,"31,769","12,840","6,153","6,241",84,36,38,120,"12,672",168,"18,929",,
경기도,수원시권선구,구운동,"20,118","9,644","4,665","4,728",49,15,15,89,"9,561",83,"10,474",,
경기도,수원시권선구,금곡동,"35,335","18,579","10,017","8,040",118,29,63,165,"18,432",147,"16,756",,
경기도,수원시권선구,호매실동,"33,551","15,592","8,989","6,249",95,21,38,121,"15,513",79,"17,959",,
경기도,수원시권선구,권선1동,"20,683","8,175","3,776","4,130",67,12,14,89,"8,088",87,"12,508",,
경기도,수원시권선구,권선2동,"36,331","19,131","9,212","9,471",105,17,13,164,"18,982",149,"17,200",,
경기도,수원시권선구,곡선동,"29,009","12,651","6,617","5,716",80,20,23,100,"12,556",95,"16,358",,
경기도,수원시권선구,입북동,"12,937","6,874","3,749","2,937",36,10,18,72,"6,822",52,"6,063",,
경기도,수원시권선구,율천동,"34,498","17,225","9,250","7,526",116,34,26,133,"17,085",140,"17,273",,
경기도,수원시팔달구,수원시팔달구,"164,086","79,283","37,937","38,931",488,169,176,724,"78,425",858,"84,803",,
경기도,수원시팔달구,행궁동,"9,424","4,085","1,680","2,264",22,11,12,42,"4,031",54,"5,339",,
경기도,수원시팔달구,매교동,"5,462","2,195",907,"1,230",14,6,2,14,"2,173",22,"3,267",,
경기도,수원시팔달구,매산동,"9,341","3,780","1,581","2,096",19,5,10,31,"3,742",38,"5,561",,
경기도,수원시팔달구,고등동,"17,038","7,824","3,799","3,818",48,18,19,61,"7,763",61,"9,214",,
경기도,수원시팔달구,화서1동,"18,894","8,629","4,106","4,271",49,18,19,79,"8,542",87,"10,265",,
경기도,수원시팔달구,화서2동,"20,330","11,464","6,002","5,186",62,10,24,101,"11,385",79,"8,866",,
경기도,수원시팔달구,지동,"9,575","4,362","1,785","2,434",19,13,12,32,"4,295",67,"5,213",,
경기도,수원시팔달구,우만1동,"17,434","7,668","3,541","3,821",66,25,21,64,"7,538",130,"9,766",,
경기도,수원시팔달구,우만2동,"14,074","7,478","3,647","3,615",43,15,9,71,"7,400",78,"6,596",,
경기도,수원시팔달구,인계동,"33,136","12,416","5,866","6,176",82,18,14,124,"12,280",136,"20,720",,
경기도,수원시영통구,수원시영통구,"296,856","160,556","81,109","75,184","1,142",212,223,"1,647","159,517","1,039","136,300",,
경기도,수원시영통구,매탄1동,"14,309","7,173","3,329","3,621",64,13,11,84,"7,122",51,"7,136",,
경기도,수원시영통구,매탄2동,"12,177","5,787","2,711","2,894",43,17,14,57,"5,736",51,"6,390",,
경기도,수원시영통구,매탄3동,"27,893","13,739","7,128","6,212",126,26,23,138,"13,653",86,"14,154",,
경기도,수원시영통구,매탄4동,"17,382","7,884","3,869","3,755",80,16,16,77,"7,813",71,"9,498",,
경기도,수원시영통구,원천동,"29,700","13,659","6,248","7,058",81,19,15,151,"13,572",87,"16,041",,
경기도,수원시영통구,광교1동,"39,605","21,903","10,779","10,649",136,19,21,226,"21,830",73,"17,702",,
경기도,수원시영통구,광교2동,"21,538","11,673","5,729","5,669",54,12,13,139,"11,616",57,"9,865",,
경기도,수원시영통구,영통1동,"25,579","13,704","7,366","6,020",93,13,20,107,"13,619",85,"11,875",,
경기도,수원시영통구,영통2동,"21,995","10,860","5,707","4,824",78,14,17,129,"10,769",91,"11,135",,
경기도,수원시영통구,영통3동,"24,882","12,573","6,457","5,764",107,12,14,132,"12,486",87,"12,309",,
경기도,수원시영통구,망포1동,"21,590","10,677","5,573","4,837",66,15,11,114,"10,616",61,"10,913",,
경기도,수원시영통구,망포2동,"20,747","11,453","6,241","4,998",64,13,9,93,"11,418",35,"9,294",,
경기도,성남시수정구,성남시수정구,"208,907","106,922","53,684","49,669",630,250,493,964,"105,690","1,232","101,985",,
경기도,성남시수정구,신흥1동,"11,584","4,366","2,326","1,867",30,10,37,35,"4,305",61,"7,218",,
경기도,성남시수정구,신흥2동,"14,835","7,818","3,631","3,994",46,9,20,67,"7,767",51,"7,017",,
경기도,성남시수정구,신흥3동,"10,553","4,700","2,359","2,189",23,4,32,37,"4,644",56,"5,853",,
경기도,성남시수정구,태평1동,"13,607","6,121","3,210","2,637",43,32,21,58,"6,001",120,"7,486",,
경기도,성남시수정구,태평2동,"12,696","5,490","2,922","2,303",33,27,29,50,"5,364",126,"7,206",,
경기도,성남시수정구,태평3동,"11,922","5,659","2,985","2,444",29,32,37,44,"5,571",88,"6,263",,
경기도,성남시수정구,태평4동,"10,742","4,551","2,421","1,926",39,27,30,36,"4,479",72,"6,191",,
경기도,성남시수정구,수진1동,"11,250","4,520","2,356","2,006",31,6,30,31,"4,460",60,"6,730",,
경기도,성남시수정구,수진2동,"13,527","6,315","3,253","2,870",37,8,26,36,"6,230",85,"7,212",,
경기도,성남시수정구,단대동,"12,249","6,166","3,172","2,820",37,13,18,49,"6,109",57,"6,083",,
경기도,성남시수정구,산성동,"4,294","2,093","1,154",862,4,7,17,20,"2,064",29,"2,201",,
경기도,성남시수정구,양지동,"8,173","3,849","2,031","1,679",32,11,29,27,"3,809",40,"4,324",,
경기도,성남시수정구,복정동,"9,520","4,125","2,234","1,765",32,7,10,46,"4,094",31,"5,395",,
경기도,성남시수정구,위례동,"34,464","18,616","8,467","9,665",80,15,46,200,"18,473",143,"15,848",,
경기도,성남시수정구,신촌동,"3,511","1,516",632,837,8,3,4,18,"1,502",14,"1,995",,
경기도,성남시수정구,고등동,"8,251","4,633","2,180","2,355",16,2,7,50,"4,610",23,"3,618",,
경기도,성남시수정구,시흥동,"2,659","1,311",446,831,8,0,1,19,"1,305",6,"1,348",,
경기도,성남시중원구,성남시중원구,"185,468","94,477","49,268","41,860",623,212,576,820,"93,359","1,118","90,991",,
경기도,성남시중원구,성남동,"28,932","12,580","6,479","5,682",87,26,49,108,"12,431",149,"16,352",,
경기도,성남시중원구,중앙동,"9,774","4,800","2,440","2,158",32,12,32,39,"4,713",87,"4,974",,
경기도,성남시중원구,금광1동,"5,837","2,822","1,531","1,196",14,8,21,20,"2,790",32,"3,015",,
경기도,성남시중원구,금광2동,"20,538","9,323","4,692","4,336",51,18,69,60,"9,226",97,"11,215",,
경기도,성남시중원구,은행1동,"8,475","4,095","2,186","1,730",33,17,38,29,"4,033",62,"4,380",,
경기도,성남시중원구,은행2동,"19,661","9,277","4,857","4,020",61,24,82,86,"9,130",147,"10,384",,
경기도,성남시중원구,상대원1동,"20,470","9,101","4,802","3,967",57,30,41,82,"8,979",122,"11,369",,
경기도,성남시중원구,상대원2동,"10,979","4,829","2,480","2,176",34,10,33,41,"4,774",55,"6,150",,
경기도,성남시중원구,상대원3동,"10,732","4,661","2,388","2,078",35,18,33,38,"4,590",71,"6,071",,
경기도,성남시중원구,하대원동,"16,692","8,909","4,476","4,157",68,15,35,74,"8,825",84,"7,783",,
경기도,성남시중원구,도촌동,"20,442","11,141","5,819","5,065",51,8,24,106,"11,073",68,"9,301",,
경기도,성남시분당구,성남시분당구,"404,133","250,683","104,254","140,622","1,266",197,265,"2,677","249,281","1,402","153,450",,
경기도,성남시분당구,분당동,"19,349","10,566","4,448","5,864",67,13,15,104,"10,511",55,"8,783",,
경기도,성남시분당구,수내1동,"14,283","8,367","3,144","5,029",51,7,6,86,"8,323",44,"5,916",,
경기도,성남시분당구,수내2동,"7,251","4,637","1,725","2,828",13,2,2,57,"4,627",10,"2,614",,
경기도,성남시분당구,수내3동,"10,386","5,840","2,601","3,124",32,4,5,45,"5,811",29,"4,546",,
경기도,성남시분당구,정자동,"14,204","7,585","3,043","4,354",50,8,8,85,"7,548",37,"6,619",,
경기도,성남시분당구,정자1동,"24,088","12,947","3,912","8,702",55,6,10,195,"12,880",67,"11,141",,
경기도,성남시분당구,정자2동,"12,448","7,051","3,090","3,761",45,4,13,69,"6,982",69,"5,397",,
경기도,성남시분당구,정자3동,"13,089","7,696","3,406","4,113",57,6,9,62,"7,653",43,"5,393",,
경기도,성남시분당구,서현1동,"24,517","14,677","5,335","9,052",55,10,7,165,"14,624",53,"9,840",,
경기도,성남시분당구,서현2동,"14,072","8,655","3,594","4,903",34,5,10,71,"8,617",38,"5,417",,
경기도,성남시분당구,이매1동,"19,350","12,346","4,748","7,310",58,7,17,143,"12,283",63,"7,004",,
경기도,성남시분당구,이매2동,"10,486","6,902","2,445","4,334",13,1,1,84,"6,878",24,"3,584",,
경기도,성남시분당구,야탑1동,"15,195","9,616","4,098","5,299",43,12,8,103,"9,563",53,"5,579",,
경기도,성남시분당구,야탑2동,"12,782","8,352","3,073","5,104",38,9,5,85,"8,314",38,"4,430",,
경기도,성남시분당구,야탑3동,"21,933","12,196","5,752","6,151",72,17,15,95,"12,102",94,"9,737",,
경기도,성남시분당구,금곡동,"22,349","12,836","5,174","7,359",54,14,16,126,"12,743",93,"9,513",,
경기도,성남시분당구,구미동,"24,169","13,901","5,866","7,678",86,11,22,148,"13,811",90,"10,268",,
경기도,성남시분당구,구미1동,"14,209","8,438","3,661","4,566",43,6,6,115,"8,397",41,"5,771",,
경기도,성남시분당구,판교동,"19,110","12,137","5,326","6,580",71,3,8,108,"12,096",41,"6,973",,
경기도,성남시분당구,삼평동,"18,336","10,880","5,007","5,606",38,10,18,135,"10,814",66,"7,456",,
경기도,성남시분당구,백현동,"20,607","12,321","5,531","6,487",68,14,9,138,"12,247",74,"8,286",,
경기도,성남시분당구,운중동,"24,395","15,145","6,366","8,472",74,7,6,164,"15,089",56,"9,250",,
경기도,의정부시,의정부시,"400,177","187,916","92,465","89,731","1,241",259,584,"1,742","186,022","1,894","212,261",,
경기도,의정부시,의정부1동,"28,647","9,098","4,042","4,762",64,14,28,82,"8,992",106,"19,549",,
경기도,의정부시,의정부2동,"26,263","9,891","4,908","4,694",54,15,25,98,"9,794",97,"16,372",,
경기도,의정부시,호원1동,"30,175","14,774","7,268","7,123",80,14,28,113,"14,626",148,"15,401",,
경기도,의정부시,호원2동,"28,844","15,127","7,434","7,247",78,17,26,158,"14,960",167,"13,717",,
경기도,의정부시,장암동,"16,293","8,412","4,093","4,055",73,10,18,55,"8,304",108,"7,881",,
경기도,의정부시,신곡1동,"34,451","16,071","7,957","7,652",115,18,37,141,"15,920",151,"18,380",,
경기도,의정부시,신곡2동,"38,551","18,754","9,063","9,144",156,18,38,177,"18,596",158,"19,797",,
경기도,의정부시,송산1동,"37,448","15,554","7,567","7,571",94,18,64,135,"15,449",105,"21,894",,
경기도,의정부시,송산2동,"26,770","12,290","6,271","5,687",60,21,46,98,"12,183",107,"14,480",,
경기도,의정부시,송산3동,"34,568","15,111","7,757","6,965",91,16,44,118,"14,991",120,"19,457",,
경기도,의정부시,자금동,"22,387","9,625","4,578","4,789",73,10,17,70,"9,537",88,"12,762",,
경기도,의정부시,가능동,"21,733","8,567","3,984","4,311",59,12,19,68,"8,453",114,"13,166",,
경기도,의정부시,흥선동,"16,413","6,602","3,101","3,293",34,9,15,65,"6,517",85,"9,811",,
경기도,의정부시,녹양동,"17,669","8,074","3,876","3,985",54,12,18,72,"8,017",57,"9,595",,
경기도,안양시만안구,안양시만안구,"208,936","111,050","54,630","53,271",712,157,199,904,"109,873","1,177","97,886",,
경기도,안양시만안구,안양1동,"10,151","5,369","2,663","2,591",35,5,6,30,"5,330",39,"4,782",,
경기도,안양시만안구,안양2동,"17,835","8,196","3,885","4,068",51,10,16,63,"8,093",103,"9,639",,
경기도,안양시만안구,안양3동,"14,256","6,851","3,391","3,286",40,16,9,42,"6,784",67,"7,405",,
경기도,안양시만안구,안양4동,"6,412","3,379","1,613","1,676",16,3,3,26,"3,337",42,"3,033",,
경기도,안양시만안구,안양5동,"8,912","4,138","1,829","2,195",29,2,6,34,"4,095",43,"4,774",,
경기도,안양시만안구,안양6동,"21,753","9,840","4,944","4,608",58,13,13,88,"9,724",116,"11,913",,
경기도,안양시만안구,안양7동,"12,171","6,752","3,399","3,202",42,2,16,54,"6,715",37,"5,419",,
경기도,안양시만안구,안양8동,"9,171","4,324","2,053","2,137",35,6,9,39,"4,279",45,"4,847",,
경기도,안양시만안구,안양9동,"14,199","7,168","3,277","3,674",41,14,14,53,"7,073",95,"7,031",,
경기도,안양시만안구,석수1동,"15,931","9,115","4,419","4,488",50,11,10,70,"9,048",67,"6,816",,
경기도,안양시만안구,석수2동,"25,808","13,747","6,831","6,542",92,14,28,98,"13,605",142,"12,061",,
경기도,안양시만안구,석수3동,"10,780","5,407","2,812","2,448",26,5,8,42,"5,341",66,"5,373",,
경기도,안양시만안구,박달1동,"12,972","6,240","3,023","3,030",33,11,11,37,"6,145",95,"6,732",,
경기도,안양시만안구,박달2동,"17,315","9,259","4,603","4,403",66,13,12,77,"9,174",85,"8,056",,
경기도,안양시동안구,안양시동안구,"265,101","155,858","77,230","74,669","1,001",163,186,"1,432","154,681","1,177","109,243",,
경기도,안양시동안구,비산1동,"20,492","11,979","5,894","5,813",72,15,11,96,"11,901",78,"8,513",,
경기도,안양시동안구,비산2동,"12,019","7,357","3,667","3,535",44,4,8,60,"7,318",39,"4,662",,
경기도,안양시동안구,비산3동,"10,262","5,247","2,479","2,626",33,8,8,45,"5,199",48,"5,015",,
경기도,안양시동안구,부흥동,"13,047","7,717","3,902","3,636",44,3,5,68,"7,658",59,"5,330",,
경기도,안양시동안구,달안동,"8,860","4,578","2,204","2,230",35,1,8,47,"4,525",53,"4,282",,
경기도,안양시동안구,관양1동,"29,299","15,058","7,234","7,376",117,25,23,147,"14,922",136,"14,241",,
경기도,안양시동안구,관양2동,"15,647","8,185","4,034","3,886",71,6,15,78,"8,090",95,"7,462",,
경기도,안양시동안구,부림동,"21,170","11,063","5,770","4,989",100,10,9,110,"10,988",75,"10,107",,
경기도,안양시동안구,평촌동,"11,299","6,742","3,426","3,139",47,6,6,70,"6,694",48,"4,557",,
경기도,안양시동안구,평안동,"17,028","10,254","5,403","4,626",56,7,9,87,"10,188",66,"6,774",,
경기도,안양시동안구,귀인동,"11,598","7,154","3,478","3,558",32,6,3,47,"7,124",30,"4,444",,
경기도,안양시동안구,호계1동,"13,686","7,848","3,908","3,784",47,5,11,53,"7,808",40,"5,838",,
경기도,안양시동안구,호계2동,"15,473","8,379","4,107","4,062",46,7,11,71,"8,304",75,"7,094",,
경기도,안양시동안구,호계3동,"18,520","9,811","4,793","4,816",51,11,10,77,"9,758",53,"8,709",,
경기도,안양시동안구,범계동,"11,963","7,131","3,160","3,805",31,5,5,77,"7,083",48,"4,832",,
경기도,안양시동안구,신촌동,"10,210","6,276","3,085","3,044",30,12,6,58,"6,235",41,"3,934",,
경기도,안양시동안구,갈산동,"8,450","4,988","2,275","2,573",26,7,8,58,"4,947",41,"3,462",,
경기도,부천시,부천시,"702,974","347,502","182,163","154,942","2,733",626,713,"2,826","344,003","3,499","355,472",,
경기도,부천시,심곡동,"55,544","21,551","11,102","9,748",172,46,42,177,"21,287",264,"33,993",,
경기도,부천시,부천동,"75,081","33,741","17,843","14,850",271,67,66,240,"33,337",404,"41,340",,
경기도,부천시,중동,"33,255","15,992","7,802","7,750",112,19,25,123,"15,831",161,"17,263",,
경기도,부천시,신중동,"104,891","51,696","25,898","24,443",376,68,81,410,"51,276",420,"53,195",,
경기도,부천시,상동,"65,723","35,097","19,089","15,206",234,37,44,290,"34,900",197,"30,626",,
경기도,부천시,대산동,"69,217","31,990","16,211","14,804",295,55,70,235,"31,670",320,"37,227",,
경기도,부천시,소사본동,"47,320","22,440","11,199","10,544",165,69,50,185,"22,212",228,"24,880",,
경기도,부천시,범안동,"73,698","37,425","20,428","16,000",272,52,55,303,"37,110",315,"36,273",,
경기도,부천시,성곡동,"69,725","29,824","15,850","13,024",254,61,76,228,"29,493",331,"39,901",,
경기도,부천시,오정동,"69,052","28,216","14,663","12,669",191,43,69,222,"27,857",359,"40,836",,
경기도,광명시,광명시,"247,233","139,612","72,415","63,270",893,249,278,"1,108","138,213","1,399","107,621",,
경기도,광명시,광명2동,"3,227","1,547",734,769,9,4,4,5,"1,525",22,"1,680",,
경기도,광명시,광명3동,"8,354","3,690","1,683","1,890",18,5,11,25,"3,632",58,"4,664",,
경기도,광명시,광명4동,"11,197","5,758","2,769","2,808",22,10,16,40,"5,665",93,"5,439",,
경기도,광명시,광명5동,"10,205","5,109","2,564","2,400",31,8,11,36,"5,050",59,"5,096",,
경기도,광명시,광명6동,"8,442","4,657","2,297","2,238",30,6,7,29,"4,607",50,"3,785",,
경기도,광명시,광명7동,"17,095","8,662","4,456","3,966",58,19,17,53,"8,569",93,"8,433",,
경기도,광명시,철산1동,"8,504","4,787","2,631","2,063",17,9,7,30,"4,757",30,"3,717",,
경기도,광명시,철산2동,"5,130","2,433","1,217","1,145",16,5,4,19,"2,406",27,"2,697",,
경기도,광명시,철산3동,"27,682","16,617","8,464","7,781",91,17,26,136,"16,515",102,"11,065",,
경기도,광명시,철산4동,"10,413","5,664","3,230","2,277",50,11,6,45,"5,619",45,"4,749",,
경기도,광명시,하안1동,"19,759","11,151","5,849","5,020",76,11,12,98,"11,066",85,"8,608",,
경기도,광명시,하안2동,"11,472","6,075","3,127","2,773",46,8,11,42,"6,007",68,"5,397",,
경기도,광명시,하안3동,"16,393","9,081","4,685","4,127",68,10,16,60,"8,966",115,"7,312",,
경기도,광명시,하안4동,"10,053","5,616","3,015","2,475",35,3,12,36,"5,576",40,"4,437",,
경기도,광명시,소하1동,"24,012","13,206","7,303","5,535",90,30,22,106,"13,086",120,"10,806",,
경기도,광명시,소하2동,"23,122","12,002","6,262","5,308",87,51,40,106,"11,854",148,"11,120",,
경기도,광명시,일직동,"16,302","8,456","4,280","3,965",57,8,10,80,"8,400",56,"7,846",,
경기도,광명시,학온동,"1,802","1,026",302,702,0,1,1,8,"1,014",12,776,,
경기도,평택시,평택시,"478,356","208,218","96,908","104,256","1,329",393,716,"2,231","205,833","2,385","270,138",,
경기도,평택시,팽성읍,"24,734","9,676","3,577","5,731",59,12,27,118,"9,524",152,"15,058",,
경기도,평택시,안중읍,"33,978","13,417","6,842","6,144",106,20,46,131,"13,289",128,"20,561",,
경기도,평택시,포승읍,"20,334","7,014","3,298","3,478",44,10,30,78,"6,938",76,"13,320",,
경기도,평택시,청북읍,"19,504","7,337","3,676","3,462",38,9,18,74,"7,277",60,"12,167",,
경기도,평택시,진위면,"9,787","4,159","1,767","2,233",20,6,9,48,"4,083",76,"5,628",,
경기도,평택시,서탄면,"3,148","1,553",520,968,11,6,7,17,"1,529",24,"1,595",,
경기도,평택시,고덕면,"10,892","4,110","1,733","2,231",25,7,20,34,"4,050",60,"6,782",,
경기도,평택시,오성면,"5,797","2,635",950,"1,571",15,4,11,36,"2,587",48,"3,162",,
경기도,평택시,현덕면,"5,037","2,821","1,063","1,640",23,4,9,34,"2,773",48,"2,216",,
경기도,평택시,중앙동,"36,338","15,075","6,986","7,543",96,29,85,152,"14,891",184,"21,263",,
경기도,평택시,서정동,"21,676","7,726","3,362","4,056",37,24,53,68,"7,600",126,"13,950",,
경기도,평택시,송탄동,"16,856","6,604","3,218","3,192",40,12,20,82,"6,564",40,"10,252",,
경기도,평택시,지산동,"11,445","3,831","1,713","1,955",26,10,10,55,"3,769",62,"7,614",,
경기도,평택시,송북동,"18,351","7,828","3,407","4,199",39,8,14,72,"7,739",89,"10,523",,
경기도,평택시,신장1동,"5,982","2,132",853,"1,193",10,9,6,23,"2,094",38,"3,850",,
경기도,평택시,신장2동,"5,223","1,891",663,"1,136",15,3,11,19,"1,847",44,"3,332",,
경기도,평택시,신평동,"19,418","7,191","2,887","4,053",49,14,13,65,"7,081",110,"12,227",,
경기도,평택시,원평동,"11,609","4,813","2,064","2,592",31,6,18,49,"4,760",53,"6,796",,
경기도,평택시,통복동,"3,891","1,764",700,997,10,2,8,13,"1,730",34,"2,127",,
경기도,평택시,비전1동,"38,440","16,459","8,474","7,515",108,22,39,153,"16,311",148,"21,981",,
경기도,평택시,비전2동,"42,698","18,564","8,789","9,247",114,43,42,188,"18,423",141,"24,134",,
경기도,평택시,세교동,"22,981","9,832","4,681","4,886",51,13,24,79,"9,734",98,"13,149",,
경기도,평택시,용이동,"19,538","8,739","4,685","3,798",58,16,23,107,"8,687",52,"10,799",,
경기도,평택시,동삭동,"27,329","10,527","5,458","4,778",67,5,25,107,"10,440",87,"16,802",,
경기도,평택시,고덕동,"16,822","5,990","2,867","2,964",45,6,8,69,"5,959",31,"10,832",,
경기도,양주시,양주시,"197,751","95,175","45,206","46,797",598,158,344,920,"94,023","1,152","102,576",,
경기도,양주시,백석읍,"21,719","10,431","4,489","5,605",58,13,48,84,"10,297",134,"11,288",,
경기도,양주시,은현면,"5,155","2,490",824,"1,575",18,2,6,25,"2,450",40,"2,665",,
경기도,양주시,남면,"5,932","2,772",985,"1,683",17,4,7,33,"2,729",43,"3,160",,
경기도,양주시,광적면,"10,245","5,007","2,011","2,818",26,11,23,40,"4,929",78,"5,238",,
경기도,양주시,장흥면,"9,344","4,357","1,622","2,610",23,5,9,35,"4,304",53,"4,987",,
경기도,양주시,양주1동,"4,487","2,297",885,"1,351",8,1,3,18,"2,266",31,"2,190",,
경기도,양주시,양주2동,"38,048","17,292","8,827","7,937",109,26,49,155,"17,103",189,"20,756",,
경기도,양주시,회천1동,"8,391","4,016","1,709","2,152",25,10,6,56,"3,958",58,"4,375",,
경기도,양주시,회천2동,"22,382","9,677","4,712","4,637",52,28,45,92,"9,566",111,"12,705",,
경기도,양주시,회천3동,"21,731","10,105","4,943","4,808",80,15,44,82,"9,972",133,"11,626",,
경기도,양주시,회천4동,"40,228","16,687","9,086","7,154",82,16,51,160,"16,549",138,"23,541",,
경기도,동두천시,동두천시,"81,074","39,750","17,338","20,853",220,98,197,394,"39,100",650,"41,324",,
경기도,동두천시,생연1동,"5,766","2,624","1,038","1,468",10,9,16,22,"2,563",61,"3,142",,
경기도,동두천시,생연2동,"9,654","4,792","2,079","2,540",21,9,20,43,"4,712",80,"4,862",,
경기도,동두천시,중앙동,"4,679","2,276",864,"1,328",10,2,11,18,"2,233",43,"2,403",,
경기도,동두천시,보산동,"2,645","1,229",468,705,6,3,7,6,"1,195",34,"1,416",,
경기도,동두천시,불현동,"21,228","9,255","4,014","4,901",50,19,48,84,"9,116",139,"11,973",,
경기도,동두천시,송내동,"20,277","9,202","4,354","4,554",44,22,29,92,"9,095",107,"11,075",,
경기도,동두천시,소요동,"7,755","3,792","1,481","2,142",25,10,25,36,"3,719",73,"3,963",,
경기도,동두천시,상패동,"4,669","2,199",911,"1,194",11,9,8,19,"2,152",47,"2,470",,
경기도,안산시상록구,안산시상록구,"305,390","138,968","72,030","62,496",963,296,425,"1,289","137,499","1,469","166,422",,
경기도,안산시상록구,일동,"20,769","8,054","4,398","3,378",60,16,25,66,"7,943",111,"12,715",,
경기도,안산시상록구,이동,"20,960","7,579","3,886","3,475",64,16,13,64,"7,518",61,"13,381",,
경기도,안산시상록구,사동,"28,426","11,583","6,286","4,878",86,39,49,100,"11,438",145,"16,843",,
경기도,안산시상록구,사이동,"26,347","11,346","5,995","5,003",89,25,38,100,"11,250",96,"15,001",,
경기도,안산시상록구,해양동,"30,694","15,041","7,247","7,471",86,21,26,120,"14,971",70,"15,653",,
경기도,안산시상록구,본오1동,"30,680","10,777","5,688","4,738",66,24,36,88,"10,640",137,"19,903",,
경기도,안산시상록구,본오2동,"21,836","9,629","5,079","4,219",72,22,39,92,"9,523",106,"12,207",,
경기도,안산시상록구,본오3동,"16,936","7,599","3,927","3,460",37,13,22,63,"7,522",77,"9,337",,
경기도,안산시상록구,부곡동,"18,210","7,134","3,703","3,186",55,14,20,74,"7,052",82,"11,076",,
경기도,안산시상록구,월피동,"31,883","12,855","6,776","5,694",78,23,32,113,"12,716",139,"19,028",,
경기도,안산시상록구,성포동,"21,480","11,339","5,607","5,428",74,16,30,92,"11,247",92,"10,141",,
경기도,안산시상록구,반월동,"14,843","7,868","3,815","3,787",37,17,36,75,"7,767",101,"6,975",,
경기도,안산시상록구,안산동,"7,773","3,599","1,742","1,756",18,10,8,35,"3,569",30,"4,174",,
경기도,안산시단원구,안산시단원구,"266,229","121,621","61,954","55,679",865,261,434,"1,090","120,283","1,338","144,608",,
경기도,안산시단원구,와동,"31,817","10,817","5,863","4,591",80,33,28,93,"10,688",129,"21,000",,
경기도,안산시단원구,고잔동,"18,214","7,660","3,977","3,395",62,16,31,60,"7,541",119,"10,554",,
경기도,안산시단원구,중앙동,"20,463","8,862","4,416","4,193",69,12,20,73,"8,783",79,"11,601",,
경기도,안산시단원구,호수동,"34,376","17,983","9,384","8,163",105,28,33,149,"17,862",121,"16,393",,
경기도,안산시단원구,원곡동,"7,961","1,864",871,892,8,7,12,18,"1,808",56,"6,097",,
경기도,안산시단원구,백운동,"18,290","8,307","4,080","3,967",57,12,45,67,"8,228",79,"9,983",,
경기도,안산시단원구,신길동,"18,741","7,971","4,139","3,577",57,16,33,69,"7,891",80,"10,770",,
경기도,안산시단원구,초지동,"37,712","17,448","9,083","7,896",101,33,38,165,"17,316",132,"20,264",,
경기도,안산시단원구,선부1동,"15,141","7,164","3,435","3,435",61,19,38,73,"7,061",103,"7,977",,
경기도,안산시단원구,선부2동,"14,173","4,986","2,541","2,235",49,19,32,31,"4,907",79,"9,187",,
경기도,안산시단원구,선부3동,"28,531","11,786","6,171","5,254",82,23,59,85,"11,674",112,"16,745",,
경기도,안산시단원구,대부동,"7,816","3,776","1,146","2,511",21,7,5,28,"3,718",58,"4,040",,
경기도,고양시덕양구,고양시덕양구,"461,775","241,090","121,343","111,350","2,948",347,914,"2,055","238,957","2,133","220,685",,
경기도,고양시덕양구,주교동,"11,618","4,756","2,273","2,298",63,12,15,41,"4,702",54,"6,862",,
경기도,고양시덕양구,원신동,"17,336","8,396","4,213","3,891",140,6,12,74,"8,336",60,"8,940",,
경기도,고양시덕양구,흥도동,"21,228","10,773","5,810","4,479",300,10,32,70,"10,701",72,"10,455",,
경기도,고양시덕양구,성사1동,"18,591","8,976","4,374","4,235",129,15,24,84,"8,861",115,"9,615",,
경기도,고양시덕양구,성사2동,"9,411","5,112","2,528","2,425",64,4,2,32,"5,055",57,"4,299",,
경기도,고양시덕양구,효자동,"12,941","6,984","3,688","3,062",101,9,17,57,"6,934",50,"5,957",,
경기도,고양시덕양구,삼송1동,"16,346","8,551","4,331","3,979",94,9,17,75,"8,505",46,"7,795",,
경기도,고양시덕양구,삼송2동,"21,966","10,325","5,149","4,837",120,11,13,91,"10,221",104,"11,641",,
경기도,고양시덕양구,창릉동,"18,572","8,993","4,541","4,219",91,7,15,75,"8,948",45,"9,579",,
경기도,고양시덕양구,고양동,"24,100","10,613","5,000","5,238",147,19,21,67,"10,492",121,"13,487",,
경기도,고양시덕양구,관산동,"30,678","12,173","5,458","6,260",188,25,32,74,"12,037",136,"18,505",,
경기도,고양시덕양구,능곡동,"12,419","6,351","2,752","3,397",56,10,40,52,"6,307",44,"6,068",,
경기도,고양시덕양구,화정1동,"31,506","16,803","8,006","8,258",178,22,43,151,"16,658",145,"14,703",,
경기도,고양시덕양구,화정2동,"25,362","13,604","7,149","6,055",151,14,30,106,"13,505",99,"11,758",,
경기도,고양시덕양구,행주동,"15,885","6,726","2,956","3,469",53,12,89,58,"6,637",89,"9,159",,
경기도,고양시덕양구,행신1동,"17,606","9,353","4,790","4,257",92,16,54,76,"9,285",68,"8,253",,
경기도,고양시덕양구,행신2동,"26,405","14,174","7,263","6,319",137,26,164,128,"14,037",137,"12,231",,
경기도,고양시덕양구,행신3동,"19,677","11,080","5,940","4,815",111,22,47,75,"11,010",70,"8,597",,
경기도,고양시덕양구,행신4동,"16,996","8,189","4,475","3,377",88,19,55,80,"8,094",95,"8,807",,
경기도,고양시덕양구,화전동,"20,515","9,993","5,400","4,278",130,11,24,76,"9,919",74,"10,522",,
경기도,고양시덕양구,대덕동,"2,249","1,054",449,569,11,0,5,8,"1,042",12,"1,195",,
경기도,고양시덕양구,백석1동,"24,615","12,448","5,966","6,145",103,14,19,112,"12,359",89,"12,167",,
경기도,고양시덕양구,백석2동,"18,006","7,894","3,883","3,768",58,4,13,105,"7,831",63,"10,112",,
경기도,고양시일산동구,고양시일산동구,"229,024","117,269","55,015","58,884",756,148,226,"1,365","116,394",875,"111,755",,
경기도,고양시일산동구,식사동,"30,309","15,148","6,551","8,148",75,17,16,258,"15,065",83,"15,161",,
경기도,고양시일산동구,중산1동,"18,108","8,817","4,057","4,511",54,9,17,105,"8,753",64,"9,291",,
경기도,고양시일산동구,중산2동,"19,122","9,180","4,722","4,209",66,14,12,80,"9,103",77,"9,942",,
경기도,고양시일산동구,정발산동,"19,209","9,178","4,262","4,634",71,10,17,109,"9,103",75,"10,031",,
경기도,고양시일산동구,풍산동,"29,935","14,220","7,345","6,465",93,17,34,146,"14,100",120,"15,715",,
경기도,고양시일산동구,마두1동,"18,241","9,962","4,781","4,922",70,10,15,106,"9,904",58,"8,279",,
경기도,고양시일산동구,마두2동,"13,489","8,340","3,633","4,513",42,8,8,99,"8,303",37,"5,149",,
경기도,고양시일산동구,장항1동,"8,437","4,366","1,713","2,561",20,4,3,44,"4,345",21,"4,071",,
경기도,고양시일산동구,장항2동,"23,219","9,187","4,263","4,692",52,5,13,109,"9,134",53,"14,032",,
경기도,고양시일산동구,고봉동,"18,705","6,687","2,797","3,662",56,8,23,69,"6,615",72,"12,018",,
경기도,고양시일산동구,일산2동,"16,191","8,131","3,871","4,064",45,8,18,72,"8,078",53,"8,060",,
경기도,고양시일산서구,고양시일산서구,"233,891","125,052","61,038","60,788",755,139,172,"1,148","124,040","1,012","108,839",,
경기도,고양시일산서구,일산1동,"21,847","10,359","5,044","5,022",70,16,18,96,"10,266",93,"11,488",,
경기도,고양시일산서구,일산3동,"26,159","14,636","7,379","6,950",72,9,16,116,"14,542",94,"11,523",,
경기도,고양시일산서구,탄현1동,"25,369","12,312","6,326","5,696",80,12,12,105,"12,231",81,"13,057",,
경기도,고양시일산서구,탄현2동,"15,205","7,351","3,854","3,319",48,6,9,63,"7,299",52,"7,854",,
경기도,고양시일산서구,주엽1동,"22,230","12,420","5,793","6,339",70,22,8,97,"12,329",91,"9,810",,
경기도,고양시일산서구,주엽2동,"22,977","12,469","5,853","6,267",72,13,15,131,"12,351",118,"10,508",,
경기도,고양시일산서구,대화동,"29,721","14,029","6,727","6,939",101,12,20,118,"13,917",112,"15,692",,
경기도,고양시일산서구,송포동,"17,032","9,031","4,135","4,696",37,5,7,91,"8,971",60,"8,001",,
경기도,고양시일산서구,덕이동,"24,387","10,905","5,157","5,510",56,7,15,89,"10,834",71,"13,482",,
경기도,고양시일산서구,가좌동,"15,482","8,048","3,750","4,119",38,9,8,67,"7,991",57,"7,434",,
경기도,과천시,과천시,"65,220","42,668","18,126","23,042",539,47,49,530,"42,333",335,"22,552",,
경기도,과천시,중앙동,"8,784","5,878","2,191","3,500",57,3,6,77,"5,834",44,"2,906",,
경기도,과천시,갈현동,"13,729","8,783","3,869","4,651",87,8,9,106,"8,730",53,"4,946",,
경기도,과천시,별양동,"12,564","7,920","3,167","4,489",88,8,8,104,"7,864",56,"4,644",,
경기도,과천시,부림동,"11,665","7,438","3,114","4,063",112,4,5,91,"7,389",49,"4,227",,
경기도,과천시,과천동,"7,335","3,763","1,561","2,043",61,6,3,55,"3,729",34,"3,572",,
경기도,과천시,문원동,"5,770","3,506","1,743","1,590",68,10,10,34,"3,455",51,"2,264",,
경기도,의왕시,의왕시,"138,928","80,575","39,383","38,873",547,137,131,741,"79,812",763,"58,353",,
경기도,의왕시,고천동,"12,187","6,967","3,276","3,447",57,14,15,75,"6,884",83,"5,220",,
경기도,의왕시,부곡동,"23,767","12,233","6,076","5,730",86,30,25,117,"12,064",169,"11,534",,
경기도,의왕시,오전동,"30,900","16,686","8,263","7,949",106,35,20,136,"16,509",177,"14,214",,
경기도,의왕시,내손1동,"16,368","9,155","4,261","4,674",48,11,13,88,"9,095",60,"7,213",,
경기도,의왕시,내손2동,"17,564","10,097","4,879","4,964",74,12,16,85,"10,030",67,"7,467",,
경기도,의왕시,청계동,"29,191","16,487","7,860","8,207",106,13,28,152,"16,366",121,"12,704",,
경기도,구리시,구리시,"164,045","88,191","42,564","43,098",527,118,181,764,"87,252",939,"75,854",,
경기도,구리시,갈매동,"22,849","11,678","5,870","5,557",48,11,14,98,"11,598",80,"11,171",,
경기도,구리시,동구동,"30,045","16,551","8,143","7,937",92,16,35,150,"16,373",178,"13,494",,
경기도,구리시,인창동,"18,864","9,676","4,712","4,669",65,8,31,78,"9,563",113,"9,188",,
경기도,구리시,교문1동,"13,998","6,035","2,636","3,178",37,13,9,54,"5,927",108,"7,963",,
경기도,구리시,교문2동,"16,502","9,431","4,426","4,775",70,7,8,74,"9,360",71,"7,071",,
경기도,구리시,수택1동,"13,828","6,523","2,978","3,372",41,11,12,47,"6,461",62,"7,305",,
경기도,구리시,수택2동,"21,133","9,835","4,537","4,964",64,22,28,77,"9,692",143,"11,298",,
경기도,구리시,수택3동,"18,573","10,203","4,988","4,974",47,16,17,78,"10,120",83,"8,370",,
경기도,남양주시,남양주시,"610,260","299,336","147,630","143,096","1,826",418,531,"2,715","296,216","3,120","310,924",,
경기도,남양주시,와부읍,"47,997","26,640","12,563","13,253",163,41,52,286,"26,358",282,"21,357",,
경기도,남양주시,진접읍,"75,160","30,853","15,426","14,598",162,39,53,271,"30,549",304,"44,307",,
경기도,남양주시,화도읍,"93,720","37,603","18,309","18,157",224,45,61,332,"37,128",475,"56,117",,
경기도,남양주시,진건읍,"19,801","9,256","3,847","5,115",47,15,18,83,"9,125",131,"10,545",,
경기도,남양주시,오남읍,"42,558","17,612","9,146","7,976",78,38,35,147,"17,420",192,"24,946",,
경기도,남양주시,퇴계원읍,"24,116","11,992","5,644","5,969",67,22,26,121,"11,849",143,"12,124",,
경기도,남양주시,별내면,"16,228","8,172","4,194","3,775",40,9,8,57,"8,083",89,"8,056",,
경기도,남양주시,수동면,"8,121","4,288","1,601","2,499",39,7,4,30,"4,180",108,"3,833",,
경기도,남양주시,조안면,"3,309","1,824",586,"1,166",17,5,7,17,"1,798",26,"1,485",,
경기도,남양주시,호평동,"43,522","20,479","10,576","9,451",102,15,33,147,"20,324",155,"23,043",,
경기도,남양주시,평내동,"28,124","13,558","7,233","5,985",70,9,18,122,"13,437",121,"14,566",,
경기도,남양주시,금곡동,"16,041","7,539","3,085","4,161",46,16,19,63,"7,390",149,"8,502",,
경기도,남양주시,양정동,"3,497","1,721",604,"1,065",11,0,1,17,"1,698",23,"1,776",,
경기도,남양주시,다산1동,"68,745","34,001","17,185","15,933",283,44,43,269,"33,757",244,"34,744",,
경기도,남양주시,다산2동,"26,650","13,921","7,126","6,482",83,15,16,95,"13,817",104,"12,729",,
경기도,남양주시,별내동,"61,481","28,630","14,266","13,678",169,29,30,269,"28,441",189,"32,851",,
경기도,오산시,오산시,"190,375","83,231","42,038","38,577",571,138,194,782,"82,300",931,"107,144",,
경기도,오산시,중앙동,"28,093","13,017","6,450","6,184",100,24,22,105,"12,885",132,"15,076",,
경기도,오산시,대원동,"51,044","20,799","10,429","9,726",147,32,40,197,"20,571",228,"30,245",,
경기도,오산시,남촌동,"18,836","4,882","2,237","2,458",33,15,18,51,"4,812",70,"13,954",,
경기도,오산시,신장동,"45,667","18,853","9,818","8,460",118,25,47,159,"18,627",226,"26,814",,
경기도,오산시,세마동,"24,610","11,380","5,851","5,226",64,8,33,93,"11,275",105,"13,230",,
경기도,오산시,초평동,"13,392","5,568","2,741","2,678",35,8,7,50,"5,519",49,"7,824",,
경기도,화성시,화성시,"711,229","336,743","173,747","153,636","2,028",550,782,"3,167","333,910","2,833","374,486",,
경기도,화성시,봉담읍,"65,278","27,945","14,905","12,212",168,53,78,272,"27,688",257,"37,333",,
경기도,화성시,우정읍,"14,946","6,808","2,886","3,579",50,65,37,67,"6,684",124,"8,138",,
경기도,화성시,향남읍,"66,471","24,477","13,356","10,303",163,40,131,216,"24,209",268,"41,994",,
경기도,화성시,남양읍,"34,591","13,812","6,605","6,764",91,24,46,132,"13,662",150,"20,779",,
경기도,화성시,매송면,"6,017","2,898","1,097","1,712",8,6,8,19,"2,850",48,"3,119",,
경기도,화성시,비봉면,"5,867","2,816",989,"1,722",14,7,10,19,"2,761",55,"3,051",,
경기도,화성시,마도면,"6,490","2,828","1,062","1,670",13,4,7,22,"2,778",50,"3,662",,
경기도,화성시,송산면,"9,681","4,183","1,384","2,642",23,7,10,43,"4,109",74,"5,498",,
경기도,화성시,서신면,"6,518","2,915",999,"1,820",12,7,11,20,"2,869",46,"3,603",,
경기도,화성시,팔탄면,"8,843","3,576","1,350","2,104",23,10,11,27,"3,525",51,"5,267",,
경기도,화성시,장안면,"8,764","3,513","1,273","2,068",22,23,22,37,"3,445",68,"5,251",,
경기도,화성시,양감면,"3,560","1,577",505,"1,008",9,4,6,11,"1,543",34,"1,983",,
경기도,화성시,정남면,"9,715","4,004","1,443","2,447",17,4,7,21,"3,939",65,"5,711",,
경기도,화성시,새솔동,"17,702","7,952","4,306","3,485",48,10,20,48,"7,917",35,"9,750",,
경기도,화성시,진안동,"33,997","12,723","6,528","5,841",94,12,21,106,"12,602",121,"21,274",,
경기도,화성시,병점1동,"28,771","12,819","6,790","5,703",89,17,27,114,"12,740",79,"15,952",,
경기도,화성시,병점2동,"18,131","8,535","4,822","3,512",64,9,10,59,"8,476",59,"9,596",,
경기도,화성시,반월동,"22,776","10,853","5,719","4,923",43,11,6,101,"10,803",50,"11,923",,
경기도,화성시,기배동,"10,900","4,874","2,546","2,210",21,12,17,38,"4,844",30,"6,026",,
경기도,화성시,화산동,"18,808","8,021","3,913","3,867",51,17,14,77,"7,939",82,"10,787",,
경기도,화성시,동탄1동,"36,898","17,478","9,305","7,781",90,21,14,173,"17,384",94,"19,420",,
경기도,화성시,동탄2동,"25,091","13,304","7,664","5,402",68,7,13,90,"13,244",60,"11,787",,
경기도,화성시,동탄3동,"30,359","13,620","8,056","5,239",85,17,18,121,"13,536",84,"16,739",,
경기도,화성시,동탄4동,"35,257","19,408","10,451","8,547",109,14,34,175,"19,330",78,"15,849",,
경기도,화성시,동탄5동,"33,968","15,605","8,351","6,871",107,14,19,161,"15,523",82,"18,363",,
경기도,화성시,동탄6동,"28,668","11,925","6,151","5,488",76,12,12,137,"11,876",49,"16,743",,
경기도,화성시,동탄7동,"59,425","26,787","14,722","11,508",133,19,41,254,"26,677",110,"32,638",,
경기도,화성시,동탄8동,"23,075","10,790","6,045","4,542",65,7,10,77,"10,746",44,"12,285",,
경기도,시흥시,시흥시,"431,352","195,139","104,762","84,897","1,348",301,422,"1,590","193,320","1,819","236,213",,
경기도,시흥시,대야동,"37,027","17,907","9,241","8,153",145,26,33,143,"17,741",166,"19,120",,
경기도,시흥시,신천동,"30,640","12,326","6,041","5,880",101,12,30,106,"12,170",156,"18,314",,
경기도,시흥시,신현동,"8,621","4,377","1,967","2,300",30,4,6,31,"4,338",39,"4,244",,
경기도,시흥시,은행동,"42,284","20,808","11,845","8,412",161,31,36,150,"20,635",173,"21,476",,
경기도,시흥시,매화동,"10,167","4,489","2,214","2,157",21,4,10,29,"4,435",54,"5,678",,
경기도,시흥시,목감동,"31,949","15,313","8,096","6,843",109,9,25,104,"15,186",127,"16,636",,
경기도,시흥시,군자동,"18,025","7,188","3,508","3,429",42,16,28,54,"7,077",111,"10,837",,
경기도,시흥시,정왕본동,"19,719","5,310","2,715","2,386",44,17,17,56,"5,235",75,"14,409",,
경기도,시흥시,정왕1동,"21,201","6,114","3,307","2,643",33,16,9,55,"6,063",51,"15,087",,
경기도,시흥시,정왕2동,"26,229","9,317","5,294","3,749",62,19,33,77,"9,234",83,"16,912",,
경기도,시흥시,정왕3동,"19,760","7,497","4,142","3,165",36,17,16,53,"7,429",68,"12,263",,
경기도,시흥시,정왕4동,"16,464","7,455","4,187","3,063",55,8,17,58,"7,388",67,"9,009",,
경기도,시흥시,배곧1동,"25,129","11,246","6,597","4,423",71,10,14,78,"11,193",53,"13,883",,
경기도,시흥시,배곧2동,"26,258","10,655","5,971","4,430",73,12,14,96,"10,596",59,"15,603",,
경기도,시흥시,과림동,"1,668",904,283,596,3,1,3,6,892,12,764,,
경기도,시흥시,연성동,"19,200","9,335","5,175","3,943",51,11,23,57,"9,260",75,"9,865",,
경기도,시흥시,능곡동,"19,331","9,197","4,808","4,142",54,7,20,89,"9,120",77,"10,134",,
경기도,시흥시,월곶동,"13,572","5,548","2,875","2,562",21,3,8,41,"5,510",38,"8,024",,
경기도,시흥시,장곡동,"24,970","11,025","6,129","4,620",73,11,23,87,"10,943",82,"13,945",,
경기도,군포시,군포시,"231,192","128,263","65,647","58,979",866,187,228,"1,191","127,098","1,165","102,929",,
경기도,군포시,군포1동,"27,431","12,016","5,847","5,803",74,23,21,108,"11,876",140,"15,415",,
경기도,군포시,군포2동,"34,403","18,509","9,689","8,379",128,27,20,125,"18,368",141,"15,894",,
경기도,군포시,산본1동,"14,186","6,553","3,099","3,229",40,13,14,60,"6,455",98,"7,633",,
경기도,군포시,산본2동,"20,774","12,010","5,738","5,972",74,17,24,104,"11,929",81,"8,764",,
경기도,군포시,금정동,"15,803","6,970","3,347","3,424",47,11,13,54,"6,896",74,"8,833",,
경기도,군포시,재궁동,"15,571","7,887","3,929","3,703",62,14,7,76,"7,791",96,"7,684",,
경기도,군포시,오금동,"16,983","9,637","5,093","4,293",68,14,16,93,"9,577",60,"7,346",,
경기도,군포시,수리동,"13,176","7,535","3,813","3,471",50,8,18,93,"7,453",82,"5,641",,
경기도,군포시,궁내동,"15,170","8,894","4,578","4,080",55,6,18,88,"8,825",69,"6,276",,
경기도,군포시,광정동,"19,492","10,830","5,465","5,086",71,14,14,98,"10,748",82,"8,662",,
경기도,군포시,대야동,"7,957","4,556","2,459","1,987",31,4,8,39,"4,528",28,"3,401",,
경기도,군포시,송부동,"15,492","8,109","4,470","3,434",44,11,15,70,"8,044",65,"7,383",,
경기도,하남시,하남시,"266,856","139,747","66,362","69,943",695,148,215,"1,232","138,595","1,152","127,109",,
경기도,하남시,천현동,"6,097","2,787",983,"1,719",6,6,3,23,"2,740",47,"3,310",,
경기도,하남시,신장1동,"6,559","3,094","1,340","1,648",21,8,4,33,"3,054",40,"3,465",,
경기도,하남시,신장2동,"36,734","18,944","8,107","10,342",81,25,43,176,"18,774",170,"17,790",,
경기도,하남시,덕풍1동,"12,963","6,382","2,830","3,395",17,8,10,49,"6,309",73,"6,581",,
경기도,하남시,덕풍2동,"16,239","7,512","3,324","3,950",36,4,22,62,"7,398",114,"8,727",,
경기도,하남시,덕풍3동,"20,269","9,803","4,467","5,082",41,12,22,86,"9,710",93,"10,466",,
경기도,하남시,풍산동,"20,021","9,363","4,701","4,474",50,6,12,72,"9,315",48,"10,658",,
경기도,하남시,미사1동,"40,658","16,570","8,632","7,529",96,17,22,156,"16,452",118,"24,088",,
경기도,하남시,미사2동,"35,157","18,543","9,352","8,787",114,14,12,148,"18,427",116,"16,614",,
경기도,하남시,감북동,"2,468","1,220",426,752,6,2,3,16,"1,205",15,"1,248",,
경기도,하남시,감일동,"22,460","11,398","6,129","5,028",60,6,14,102,"11,339",59,"11,062",,
경기도,하남시,위례동,"21,010","11,080","4,845","6,030",40,6,6,111,"11,038",42,"9,930",,
경기도,하남시,춘궁동,"3,321","1,739",534,"1,165",2,3,3,11,"1,718",21,"1,582",,
경기도,하남시,초이동,"2,913","1,316",505,780,5,0,2,8,"1,300",16,"1,597",,
경기도,파주시,파주시,"403,729","187,129","93,171","87,769","1,378",324,507,"1,801","184,950","2,179","216,600",,
경기도,파주시,문산읍,"37,966","15,394","6,915","7,868",110,41,46,132,"15,112",282,"22,572",,
경기도,파주시,조리읍,"24,689","11,351","5,030","5,949",71,17,23,104,"11,194",157,"13,338",,
경기도,파주시,법원읍,"9,191","4,188","1,468","2,552",32,10,12,38,"4,112",76,"5,003",,
경기도,파주시,파주읍,"11,707","4,911","1,790","2,900",41,11,8,47,"4,797",114,"6,796",,
경기도,파주시,광탄면,"9,832","4,376","1,553","2,661",34,4,5,38,"4,295",81,"5,456",,
경기도,파주시,탄현면,"11,479","5,133","2,326","2,614",32,19,13,47,"5,051",82,"6,346",,
경기도,파주시,월롱면,"8,825","3,016","1,149","1,740",29,8,8,44,"2,978",38,"5,809",,
경기도,파주시,적성면,"6,044","2,760",855,"1,795",21,6,5,31,"2,713",47,"3,284",,
경기도,파주시,파평면,"3,550","1,854",640,"1,123",15,5,6,15,"1,804",50,"1,696",,
경기도,파주시,장단면,670,438,170,250,1,2,3,4,430,8,232,,
경기도,파주시,교하동,"40,332","17,471","9,392","7,546",118,31,60,176,"17,323",148,"22,861",,
경기도,파주시,운정1동,"39,888","17,672","9,551","7,644",128,16,33,171,"17,543",129,"22,216",,
경기도,파주시,운정2동,"44,658","19,935","11,254","8,161",147,23,43,172,"19,800",135,"24,723",,
경기도,파주시,운정3동,"64,534","26,625","14,719","11,264",176,20,59,239,"26,477",148,"37,909",,
경기도,파주시,금촌1동,"19,451","7,447","3,238","3,939",61,19,21,57,"7,335",112,"12,004",,
경기도,파주시,금촌2동,"25,824","12,302","6,456","5,472",89,19,27,121,"12,184",118,"13,522",,
경기도,파주시,금촌3동,"22,250","9,458","4,685","4,468",61,10,25,87,"9,336",122,"12,792",,
경기도,여주시,여주시,"98,333","50,666","18,598","30,015",330,111,173,519,"49,746",920,"47,667",,
경기도,여주시,가남읍,"12,621","5,731","2,155","3,307",45,32,21,59,"5,619",112,"6,890",,
경기도,여주시,점동면,"4,391","2,520",765,"1,641",15,5,9,18,"2,453",67,"1,871",,
경기도,여주시,세종대왕면,"5,187","2,747",839,"1,741",17,7,8,33,"2,645",102,"2,440",,
경기도,여주시,흥천면,"4,293","2,289",691,"1,502",15,9,5,21,"2,243",46,"2,004",,
경기도,여주시,금사면,"2,604","1,505",374,"1,091",5,0,2,11,"1,483",22,"1,099",,
경기도,여주시,산북면,"2,201","1,247",396,813,4,2,1,9,"1,225",22,954,,
경기도,여주시,대신면,"5,984","3,218",914,"2,160",24,5,10,26,"3,139",79,"2,766",,
경기도,여주시,북내면,"4,206","2,289",637,"1,566",12,3,7,14,"2,239",50,"1,917",,
경기도,여주시,강천면,"3,695","2,047",662,"1,292",13,3,9,23,"2,002",45,"1,648",,
경기도,여주시,여흥동,"17,431","7,623","2,845","4,492",53,12,28,76,"7,506",117,"9,808",,
경기도,여주시,중앙동,"15,137","6,897","2,834","3,780",43,10,27,82,"6,776",121,"8,240",,
경기도,여주시,오학동,"14,494","6,474","2,834","3,438",42,7,22,61,"6,404",70,"8,020",,
경기도,이천시,이천시,"188,563","88,738","37,422","47,937",540,194,314,942,"87,349","1,389","99,825",,
경기도,이천시,장호원읍,"11,973","5,731","2,104","3,396",42,12,14,47,"5,615",116,"6,242",,
경기도,이천시,부발읍,"27,740","11,451","5,316","5,721",67,25,43,148,"11,320",131,"16,289",,
경기도,이천시,신둔면,"11,811","5,562","2,294","3,060",31,15,24,46,"5,470",92,"6,249",,
경기도,이천시,백사면,"9,278","4,300","1,675","2,452",25,9,14,43,"4,218",82,"4,978",,
경기도,이천시,호법면,"5,000","2,371",723,"1,554",18,1,7,25,"2,328",43,"2,629",,
경기도,이천시,마장면,"12,354","5,112","1,975","2,959",30,7,9,51,"5,031",81,"7,242",,
경기도,이천시,대월면,"11,966","4,533","1,988","2,385",31,5,17,45,"4,471",62,"7,433",,
경기도,이천시,모가면,"3,880","2,158",645,"1,436",4,9,6,17,"2,117",41,"1,722",,
경기도,이천시,설성면,"3,983","2,030",559,"1,389",5,7,5,21,"1,986",44,"1,953",,
경기도,이천시,율면,"2,433","1,391",476,848,9,5,3,6,"1,347",44,"1,042",,
경기도,이천시,창전동,"13,958","5,541","1,931","3,395",25,10,21,57,"5,439",102,"8,417",,
경기도,이천시,증포동,"40,379","17,203","8,605","8,072",99,27,53,160,"17,016",187,"23,176",,
경기도,이천시,중리동,"12,459","5,010","1,723","3,107",24,6,14,58,"4,932",78,"7,449",,
경기도,이천시,관고동,"9,107","4,116","1,620","2,345",20,9,16,44,"4,054",62,"4,991",,
경기도,용인시처인구,용인시처인구,"222,743","105,135","47,234","54,483",632,188,308,"1,014","103,859","1,276","117,608",,
경기도,용인시처인구,포곡읍,"27,680","11,821","5,588","5,825",85,25,43,102,"11,668",153,"15,859",,
경기도,용인시처인구,모현읍,"21,938","9,338","4,187","4,910",43,7,24,75,"9,246",92,"12,600",,
경기도,용인시처인구,이동읍,"16,703","7,196","3,005","3,910",41,15,18,84,"7,073",123,"9,507",,
경기도,용인시처인구,남사읍,"17,487","8,463","3,812","4,414",37,9,13,94,"8,379",84,"9,024",,
경기도,용인시처인구,원삼면,"6,841","3,559","1,193","2,255",14,9,7,25,"3,503",56,"3,282",,
경기도,용인시처인구,백암면,"7,645","3,632","1,202","2,277",16,5,14,38,"3,552",80,"4,013",,
경기도,용인시처인구,양지면,"16,307","6,676","2,733","3,743",26,10,22,54,"6,588",88,"9,631",,
경기도,용인시처인구,중앙동,"20,534","8,467","3,611","4,587",57,12,23,73,"8,363",104,"12,067",,
경기도,용인시처인구,역북동,"24,714","10,775","5,208","5,259",79,11,33,92,"10,682",93,"13,939",,
경기도,용인시처인구,삼가동,"9,899","5,020","2,374","2,504",33,7,11,53,"4,982",38,"4,879",,
경기도,용인시처인구,유림동,"28,518","11,786","5,754","5,683",67,24,31,94,"11,653",133,"16,732",,
경기도,용인시처인구,동부동,"11,140","5,065","2,066","2,845",34,12,12,45,"5,014",51,"6,075",,
경기도,용인시수지구,용인시수지구,"231,983","135,909","61,235","71,578",654,100,114,"1,477","135,158",751,"96,074",,
경기도,용인시수지구,풍덕천1동,"29,701","15,845","7,469","8,000",77,12,21,144,"15,723",122,"13,856",,
경기도,용인시수지구,풍덕천2동,"29,641","16,703","8,530","7,806",92,18,12,166,"16,624",79,"12,938",,
경기도,용인시수지구,신봉동,"29,079","16,739","7,282","9,086",61,8,11,206,"16,654",85,"12,340",,
경기도,용인시수지구,죽전2동,"14,099","7,276","3,318","3,783",54,2,4,79,"7,240",36,"6,823",,
경기도,용인시수지구,동천동,"38,047","21,362","9,773","11,141",109,21,18,194,"21,256",106,"16,685",,
경기도,용인시수지구,상현1동,"15,279","8,810","3,960","4,681",39,4,7,94,"8,785",25,"6,469",,
경기도,용인시수지구,상현3동,"20,735","11,236","5,412","5,584",48,8,7,108,"11,167",69,"9,499",,
경기도,용인시수지구,성복동,"41,358","23,870","8,582","14,746",84,10,14,337,"23,773",97,"17,488",,
경기도,용인시기흥구,용인시기흥구,"434,819","241,266","118,199","117,246","1,295",238,322,"2,342","239,642","1,624","193,553",,
경기도,용인시기흥구,신갈동,"30,512","15,330","7,661","7,308",75,20,19,127,"15,210",120,"15,182",,
경기도,용인시기흥구,영덕1동,"22,721","11,766","6,246","5,275",51,6,19,102,"11,699",67,"10,955",,
경기도,용인시기흥구,영덕2동,"13,844","6,960","3,528","3,286",28,10,4,43,"6,899",61,"6,884",,
경기도,용인시기흥구,구갈동,"31,961","15,421","7,771","7,221",96,21,20,185,"15,314",107,"16,540",,
경기도,용인시기흥구,상갈동,"10,909","5,746","3,059","2,527",37,12,13,51,"5,699",47,"5,163",,
경기도,용인시기흥구,보라동,"25,475","13,136","6,697","6,120",60,16,15,115,"13,023",113,"12,339",,
경기도,용인시기흥구,기흥동,"16,599","7,317","3,150","3,963",39,9,14,91,"7,266",51,"9,282",,
경기도,용인시기흥구,서농동,"19,982","9,637","5,069","4,324",77,14,11,96,"9,591",46,"10,345",,
경기도,용인시기흥구,구성동,"31,762","17,439","7,756","9,288",88,18,13,163,"17,326",113,"14,323",,
경기도,용인시기흥구,마북동,"25,125","13,911","5,856","7,759",46,10,11,131,"13,813",98,"11,214",,
경기도,용인시기흥구,동백1동,"23,495","12,311","7,178","4,865",66,13,21,102,"12,245",66,"11,184",,
경기도,용인시기흥구,동백2동,"20,274","11,360","6,087","5,045",61,6,19,93,"11,311",49,"8,914",,
경기도,용인시기흥구,동백3동,"19,010","9,812","4,547","5,063",47,8,5,97,"9,767",45,"9,198",,
경기도,용인시기흥구,상하동,"19,198","9,623","4,706","4,689",47,6,13,90,"9,551",72,"9,575",,
경기도,용인시기흥구,보정동,"28,322","16,220","6,963","8,872",87,12,11,198,"16,143",77,"12,102",,
경기도,용인시기흥구,죽전1동,"22,296","12,552","5,683","6,581",69,6,13,124,"12,476",76,"9,744",,
경기도,용인시기흥구,죽전3동,"19,661","9,832","4,728","4,860",66,11,22,83,"9,770",62,"9,829",,
경기도,용인시기흥구,상현2동,"25,022","14,199","6,564","7,345",80,6,15,122,"14,132",67,"10,823",,
경기도,안성시,안성시,"163,518","81,764","36,515","42,168",657,131,271,826,"80,568","1,196","81,754",,
경기도,안성시,공도읍,"45,735","18,907","9,772","8,574",140,17,38,167,"18,708",199,"26,828",,
경기도,안성시,보개면,"4,835","2,823","1,052","1,644",22,4,15,24,"2,761",62,"2,012",,
경기도,안성시,금광면,"6,209","3,337","1,460","1,746",27,5,13,39,"3,290",47,"2,872",,
경기도,안성시,서운면,"2,967","1,705",596,"1,028",10,4,14,16,"1,668",37,"1,262",,
경기도,안성시,미양면,"5,016","2,376",915,"1,364",18,6,12,20,"2,335",41,"2,640",,
경기도,안성시,대덕면,"12,517","5,069","2,327","2,556",39,8,17,47,"4,994",75,"7,448",,
경기도,안성시,양성면,"4,544","2,453",793,"1,557",17,9,5,29,"2,410",43,"2,091",,
경기도,안성시,원곡면,"5,612","2,307",892,"1,345",13,1,2,23,"2,276",31,"3,305",,
경기도,안성시,일죽면,"6,534","3,442","1,110","2,180",28,10,13,28,"3,369",73,"3,092",,
경기도,안성시,죽산면,"6,242","3,331","1,228","1,960",24,2,10,28,"3,252",79,"2,911",,
경기도,안성시,삼죽면,"3,394","1,667",592,999,14,2,6,22,"1,635",32,"1,727",,
경기도,안성시,고삼면,"1,857","1,198",457,687,6,1,6,12,"1,169",29,659,,
경기도,안성시,안성1동,"10,618","5,674","2,289","3,171",48,10,25,52,"5,595",79,"4,944",,
경기도,안성시,안성2동,"20,006","8,962","4,317","4,294",76,13,30,89,"8,819",143,"11,044",,
경기도,안성시,안성3동,"17,326","8,398","3,819","4,278",87,14,24,74,"8,296",102,"8,928",,
경기도,김포시,김포시,"392,604","195,865","92,596","98,054","1,136",265,383,"1,802","194,236","1,629","196,739",,
경기도,김포시,통진읍,"24,332","10,036","4,122","5,548",50,13,30,94,"9,857",179,"14,296",,
경기도,김포시,고촌읍,"35,825","18,835","8,550","9,879",89,15,32,178,"18,743",92,"16,990",,
경기도,김포시,양촌읍,"23,846","9,867","4,398","5,157",72,20,12,98,"9,757",110,"13,979",,
경기도,김포시,대곶면,"8,800","3,894","1,332","2,440",19,6,2,28,"3,827",67,"4,906",,
경기도,김포시,월곶면,"4,942","2,513",833,"1,584",15,12,7,21,"2,472",41,"2,429",,
경기도,김포시,하성면,"7,307","3,571","1,213","2,264",19,6,10,21,"3,533",38,"3,736",,
경기도,김포시,김포본동,"46,160","23,151","10,639","11,943",131,26,45,186,"22,970",181,"23,009",,
경기도,김포시,장기본동,"28,041","13,513","6,568","6,620",69,15,18,147,"13,437",76,"14,528",,
경기도,김포시,사우동,"19,283","9,458","4,423","4,760",47,15,33,88,"9,366",92,"9,825",,
경기도,김포시,풍무동,"46,986","23,266","11,322","11,310",147,18,52,203,"23,052",214,"23,720",,
경기도,김포시,장기동,"30,202","14,270","6,890","7,060",68,14,25,116,"14,173",97,"15,932",,
경기도,김포시,구래동,"34,220","13,959","7,282","6,315",85,24,27,139,"13,872",87,"20,261",,
경기도,김포시,마산동,"26,513","11,951","6,215","5,437",79,18,14,110,"11,873",78,"14,562",,
경기도,김포시,운양동,"35,626","17,057","8,481","8,224",87,14,22,146,"16,974",83,"18,569",,
경기도,광주시,광주시,"329,651","152,145","72,344","75,812",755,168,408,"1,310","150,797","1,348","177,506",,
경기도,광주시,오포읍,"87,426","34,117","16,348","16,934",151,26,70,332,"33,861",256,"53,309",,
경기도,광주시,초월읍,"38,065","16,017","7,531","8,094",74,15,34,123,"15,871",146,"22,048",,
경기도,광주시,곤지암읍,"19,677","8,584","3,553","4,792",55,5,18,66,"8,489",95,"11,093",,
경기도,광주시,도척면,"8,170","3,753","1,476","2,166",18,4,14,32,"3,710",43,"4,417",,
경기도,광주시,퇴촌면,"13,042","6,011","2,476","3,369",27,7,11,46,"5,936",75,"7,031",,
경기도,광주시,남종면,"1,325",844,229,585,4,2,2,13,835,9,481,,
경기도,광주시,남한산성면,"2,068","1,174",427,723,6,0,1,9,"1,166",8,894,,
경기도,광주시,경안동,"23,725","10,360","4,817","5,247",60,14,35,85,"10,258",102,"13,365",,
경기도,광주시,쌍령동,"14,421","6,801","3,462","3,157",45,10,19,41,"6,734",67,"7,620",,
경기도,광주시,송정동,"17,622","7,703","3,498","3,995",37,13,14,70,"7,627",76,"9,919",,
경기도,광주시,탄벌동,"31,196","12,405","5,996","6,098",55,13,31,92,"12,285",120,"18,791",,
경기도,광주시,광남1동,"27,177","10,898","5,264","5,371",60,9,32,77,"10,813",85,"16,279",,
경기도,광주시,광남2동,"23,855","11,595","6,062","5,303",42,14,23,87,"11,531",64,"12,260",,
경기도,포천시,포천시,"131,980","67,777","27,683","36,951",444,238,247,765,"66,328","1,449","64,203",,
경기도,포천시,소흘읍,"37,065","17,106","7,941","8,440",108,69,61,223,"16,842",264,"19,959",,
경기도,포천시,군내면,"6,949","3,582","1,348","2,063",25,14,15,31,"3,496",86,"3,367",,
경기도,포천시,내촌면,"4,151","2,155",742,"1,304",14,4,14,18,"2,096",59,"1,996",,
경기도,포천시,가산면,"6,832","3,417","1,203","2,062",19,11,8,35,"3,338",79,"3,415",,
경기도,포천시,신북면,"10,292","4,852","1,777","2,830",29,18,14,50,"4,718",134,"5,440",,
경기도,포천시,창수면,"1,945","1,203",436,703,5,6,3,9,"1,162",41,742,,
경기도,포천시,영중면,"4,271","2,380",854,"1,422",15,3,4,17,"2,315",65,"1,891",,
경기도,포천시,일동면,"8,127","4,123","1,427","2,513",25,10,11,43,"4,029",94,"4,004",,
경기도,포천시,이동면,"5,136","2,447",855,"1,477",11,3,10,31,"2,387",60,"2,689",,
경기도,포천시,영북면,"6,983","3,619","1,322","2,082",23,9,10,41,"3,487",132,"3,364",,
경기도,포천시,관인면,"2,434","1,468",529,847,6,7,7,19,"1,415",53,966,,
경기도,포천시,화현면,"2,296","1,189",388,760,7,0,6,12,"1,173",16,"1,107",,
경기도,포천시,포천동,"16,395","8,660","3,649","4,655",59,34,33,88,"8,518",142,"7,735",,
경기도,포천시,선단동,"12,795","5,287","2,296","2,742",37,23,14,49,"5,161",126,"7,508",,
경기도,연천군,연천군,"37,898","22,800","8,541","12,886",155,148,92,367,"22,189",611,"15,098",,
경기도,연천군,연천읍,"6,070","3,418","1,300","1,860",28,30,22,53,"3,293",125,"2,652",,
경기도,연천군,전곡읍,"14,953","8,112","3,215","4,483",38,39,25,128,"7,928",184,"6,841",,
경기도,연천군,군남면,"2,640","1,570",542,929,14,17,10,15,"1,527",43,"1,070",,
경기도,연천군,청산면,"3,588","2,028",613,"1,314",14,8,6,29,"1,984",44,"1,560",,
경기도,연천군,백학면,"2,243","1,311",454,761,9,13,3,31,"1,271",40,932,,
경기도,연천군,미산면,"1,401",820,252,530,3,6,3,7,801,19,581,,
경기도,연천군,왕징면,937,655,209,400,8,5,5,6,633,22,282,,
경기도,연천군,신서면,"2,386","1,508",561,856,11,12,6,22,"1,468",40,878,,
경기도,연천군,중면,176,109,36,67,0,0,0,1,104,5,67,,
경기도,연천군,장남면,660,432,148,258,4,4,0,7,421,11,228,,
경기도,양평군,양평군,"107,165","63,429","24,692","36,357",475,108,135,634,"62,401","1,028","43,736",,
경기도,양평군,양평읍,"24,325","12,924","5,234","7,196",121,25,18,113,"12,707",217,"11,401",,
경기도,양평군,강상면,"8,096","4,575","1,920","2,530",29,5,4,50,"4,538",37,"3,521",,
경기도,양평군,강하면,"4,115","2,395",789,"1,537",5,3,2,28,"2,364",31,"1,720",,
경기도,양평군,양서면,"11,366","6,017","2,392","3,416",60,10,13,57,"5,948",69,"5,349",,
경기도,양평군,옥천면,"7,329","4,413","1,801","2,464",29,4,8,56,"4,362",51,"2,916",,
경기도,양평군,서종면,"7,857","4,320","1,679","2,508",36,3,5,36,"4,267",53,"3,537",,
경기도,양평군,단월면,"3,412","2,051",697,"1,252",18,6,14,23,"2,010",41,"1,361",,
경기도,양평군,청운면,"3,380","2,061",689,"1,270",16,6,6,20,"2,007",54,"1,319",,
경기도,양평군,양동면,"3,984","2,313",761,"1,450",14,2,10,17,"2,254",59,"1,671",,
경기도,양평군,지평면,"6,030","3,570","1,226","2,184",23,10,11,32,"3,486",84,"2,460",,
경기도,양평군,용문면,"14,595","7,956","3,099","4,538",45,16,29,72,"7,799",157,"6,639",,
경기도,양평군,개군면,"4,437","2,594",911,"1,567",20,4,4,26,"2,532",62,"1,843",,
경기도,가평군,가평군,"55,791","33,165","11,222","19,910",247,258,146,462,"32,245",920,"22,626",,
경기도,가평군,가평읍,"16,262","9,590","3,348","5,687",64,93,38,123,"9,353",237,"6,672",,
경기도,가평군,설악면,"8,159","4,432","1,295","2,855",22,26,18,56,"4,272",160,"3,727",,
경기도,가평군,청평면,"11,865","6,606","2,204","4,112",32,36,15,82,"6,481",125,"5,259",,
경기도,가평군,상면,"4,982","2,882",930,"1,768",25,28,13,36,"2,800",82,"2,100",,
경기도,가평군,조종면,"7,694","4,196","1,395","2,388",38,44,30,90,"3,985",211,"3,498",,
경기도,가평군,북면,"3,328","1,978",629,"1,224",14,14,15,28,"1,924",54,"1,350",,
